negara,iso3,provinsi,tahun,penduduk,sumber
Indonesia,IDN,ACEH,2018,5243400,BPS proyeksi SP2010 (WebAPI)
Indonesia,IDN,ACEH,2019,5316300,BPS proyeksi SP2010 (WebAPI)
Indonesia,IDN,ACEH,2020,5388100,BPS proyeksi SP2010 (WebAPI)
Indonesia,IDN,ACEH,2025,5631760,BPS SUPAS 2025
Indonesia,IDN,BALI,2018,4309200,BPS proyeksi SP2010 (WebAPI)
Indonesia,IDN,BALI,2019,4362000,BPS proyeksi SP2010 (WebAPI)
Indonesia,IDN,BALI,2020,4414400,BPS proyeksi SP2010 (WebAPI)
Indonesia,IDN,BALI,2025,4463510,BPS SUPAS 2025
Indonesia,IDN,BANGKA BELITUNG,2018,1432100,BPS proyeksi SP2010 (WebAPI)
Indonesia,IDN,BANGKA BELITUNG,2019,1451100,BPS proyeksi SP2010 (WebAPI)
Indonesia,IDN,BANGKA BELITUNG,2020,1469800,BPS proyeksi SP2010 (WebAPI)
Indonesia,IDN,BANGKA BELITUNG,2025,1552391,BPS SUPAS 2025
Indonesia,IDN,BANTEN,2018,12530800,BPS proyeksi SP2010 (WebAPI)
Indonesia,IDN,BANTEN,2019,12714300,BPS proyeksi SP2010 (WebAPI)
Indonesia,IDN,BANTEN,2020,12895300,BPS proyeksi SP2010 (WebAPI)
Indonesia,IDN,BANTEN,2025,12582516,BPS SUPAS 2025
Indonesia,IDN,BENGKULU,2018,1948600,BPS proyeksi SP2010 (WebAPI)
Indonesia,IDN,BENGKULU,2019,1971800,BPS proyeksi SP2010 (WebAPI)
Indonesia,IDN,BENGKULU,2020,1994300,BPS proyeksi SP2010 (WebAPI)
Indonesia,IDN,BENGKULU,2025,2140142,BPS SUPAS 2025
Indonesia,IDN,DAERAH ISTIMEWA YOGYAKARTA,2018,3818300,BPS proyeksi SP2010 (WebAPI)
Indonesia,IDN,DAERAH ISTIMEWA YOGYAKARTA,2019,3868600,BPS proyeksi SP2010 (WebAPI)
Indonesia,IDN,DAERAH ISTIMEWA YOGYAKARTA,2020,3919200,BPS proyeksi SP2010 (WebAPI)
Indonesia,IDN,DAERAH ISTIMEWA YOGYAKARTA,2025,3783309,BPS SUPAS 2025
Indonesia,IDN,DKI JAKARTA,2018,10428000,BPS proyeksi SP2010 (WebAPI)
Indonesia,IDN,DKI JAKARTA,2019,10504100,BPS proyeksi SP2010 (WebAPI)
Indonesia,IDN,DKI JAKARTA,2020,10576400,BPS proyeksi SP2010 (WebAPI)
Indonesia,IDN,DKI JAKARTA,2025,10724334,BPS SUPAS 2025
Indonesia,IDN,GORONTALO,2018,1166100,BPS proyeksi SP2010 (WebAPI)
Indonesia,IDN,GORONTALO,2019,1176400,BPS proyeksi SP2010 (WebAPI)
Indonesia,IDN,GORONTALO,2020,1186300,BPS proyeksi SP2010 (WebAPI)
Indonesia,IDN,GORONTALO,2025,1243416,BPS SUPAS 2025
Indonesia,IDN,JAMBI,2018,3527100,BPS proyeksi SP2010 (WebAPI)
Indonesia,IDN,JAMBI,2019,3566200,BPS proyeksi SP2010 (WebAPI)
Indonesia,IDN,JAMBI,2020,3604200,BPS proyeksi SP2010 (WebAPI)
Indonesia,IDN,JAMBI,2025,3772062,BPS SUPAS 2025
Indonesia,IDN,JAWA BARAT,2018,48475500,BPS proyeksi SP2010 (WebAPI)
Indonesia,IDN,JAWA BARAT,2019,49023200,BPS proyeksi SP2010 (WebAPI)
Indonesia,IDN,JAWA BARAT,2020,49565200,BPS proyeksi SP2010 (WebAPI)
Indonesia,IDN,JAWA BARAT,2025,50942801,BPS SUPAS 2025
Indonesia,IDN,JAWA TENGAH,2018,34358500,BPS proyeksi SP2010 (WebAPI)
Indonesia,IDN,JAWA TENGAH,2019,34552500,BPS proyeksi SP2010 (WebAPI)
Indonesia,IDN,JAWA TENGAH,2020,34738200,BPS proyeksi SP2010 (WebAPI)
Indonesia,IDN,JAWA TENGAH,2025,38261423,BPS SUPAS 2025
Indonesia,IDN,JAWA TIMUR,2018,39521900,BPS proyeksi SP2010 (WebAPI)
Indonesia,IDN,JAWA TIMUR,2019,39744800,BPS proyeksi SP2010 (WebAPI)
Indonesia,IDN,JAWA TIMUR,2020,39955900,BPS proyeksi SP2010 (WebAPI)
Indonesia,IDN,JAWA TIMUR,2025,42111119,BPS SUPAS 2025
Indonesia,IDN,KALIMANTAN BARAT,2018,4985100,BPS proyeksi SP2010 (WebAPI)
Indonesia,IDN,KALIMANTAN BARAT,2019,5045700,BPS proyeksi SP2010 (WebAPI)
Indonesia,IDN,KALIMANTAN BARAT,2020,5104900,BPS proyeksi SP2010 (WebAPI)
Indonesia,IDN,KALIMANTAN BARAT,2025,5771745,BPS SUPAS 2025
Indonesia,IDN,KALIMANTAN SELATAN,2018,4162400,BPS proyeksi SP2010 (WebAPI)
Indonesia,IDN,KALIMANTAN SELATAN,2019,4216300,BPS proyeksi SP2010 (WebAPI)
Indonesia,IDN,KALIMANTAN SELATAN,2020,4268600,BPS proyeksi SP2010 (WebAPI)
Indonesia,IDN,KALIMANTAN SELATAN,2025,4327375,BPS SUPAS 2025
Indonesia,IDN,KALIMANTAN TENGAH,2018,2612600,BPS proyeksi SP2010 (WebAPI)
Indonesia,IDN,KALIMANTAN TENGAH,2019,2649800,BPS proyeksi SP2010 (WebAPI)
Indonesia,IDN,KALIMANTAN TENGAH,2020,2686300,BPS proyeksi SP2010 (WebAPI)
Indonesia,IDN,KALIMANTAN TENGAH,2025,2847856,BPS SUPAS 2025
Indonesia,IDN,KALIMANTAN TIMUR,2018,3573800,BPS proyeksi SP2010 (WebAPI)
Indonesia,IDN,KALIMANTAN TIMUR,2019,3619700,BPS proyeksi SP2010 (WebAPI)
Indonesia,IDN,KALIMANTAN TIMUR,2020,3664700,BPS proyeksi SP2010 (WebAPI)
Indonesia,IDN,KALIMANTAN TIMUR,2025,4050637,BPS SUPAS 2025
Indonesia,IDN,KALIMANTAN UTARA,2018,682800,BPS proyeksi SP2010 (WebAPI)
Indonesia,IDN,KALIMANTAN UTARA,2019,695600,BPS proyeksi SP2010 (WebAPI)
Indonesia,IDN,KALIMANTAN UTARA,2020,708400,BPS proyeksi SP2010 (WebAPI)
Indonesia,IDN,KALIMANTAN UTARA,2025,750146,BPS SUPAS 2025
Indonesia,IDN,KEPULAUAN RIAU,2018,2174800,BPS proyeksi SP2010 (WebAPI)
Indonesia,IDN,KEPULAUAN RIAU,2019,2241600,BPS proyeksi SP2010 (WebAPI)
Indonesia,IDN,KEPULAUAN RIAU,2020,2309500,BPS proyeksi SP2010 (WebAPI)
Indonesia,IDN,KEPULAUAN RIAU,2025,2215913,BPS SUPAS 2025
Indonesia,IDN,LAMPUNG,2018,8377700,BPS proyeksi SP2010 (WebAPI)
Indonesia,IDN,LAMPUNG,2019,8457600,BPS proyeksi SP2010 (WebAPI)
Indonesia,IDN,LAMPUNG,2020,8534800,BPS proyeksi SP2010 (WebAPI)
Indonesia,IDN,LAMPUNG,2025,9531282,BPS SUPAS 2025
Indonesia,IDN,MALUKU,2018,1749500,BPS proyeksi SP2010 (WebAPI)
Indonesia,IDN,MALUKU,2019,1768500,BPS proyeksi SP2010 (WebAPI)
Indonesia,IDN,MALUKU,2020,1787100,BPS proyeksi SP2010 (WebAPI)
Indonesia,IDN,MALUKU,2025,1972606,BPS SUPAS 2025
Indonesia,IDN,MALUKU UTARA,2018,1218800,BPS proyeksi SP2010 (WebAPI)
Indonesia,IDN,MALUKU UTARA,2019,1235700,BPS proyeksi SP2010 (WebAPI)
Indonesia,IDN,MALUKU UTARA,2020,1252300,BPS proyeksi SP2010 (WebAPI)
Indonesia,IDN,MALUKU UTARA,2025,1375306,BPS SUPAS 2025
Indonesia,IDN,NUSA TENGGARA BARAT,2018,5077700,BPS proyeksi SP2010 (WebAPI)
Indonesia,IDN,NUSA TENGGARA BARAT,2019,5152400,BPS proyeksi SP2010 (WebAPI)
Indonesia,IDN,NUSA TENGGARA BARAT,2020,5225900,BPS proyeksi SP2010 (WebAPI)
Indonesia,IDN,NUSA TENGGARA BARAT,2025,5738081,BPS SUPAS 2025
Indonesia,IDN,NUSA TENGGARA TIMUR,2018,5360300,BPS proyeksi SP2010 (WebAPI)
Indonesia,IDN,NUSA TENGGARA TIMUR,2019,5437200,BPS proyeksi SP2010 (WebAPI)
Indonesia,IDN,NUSA TENGGARA TIMUR,2020,5513400,BPS proyeksi SP2010 (WebAPI)
Indonesia,IDN,NUSA TENGGARA TIMUR,2025,5749684,BPS SUPAS 2025
Indonesia,IDN,PAPUA,2018,3300200,BPS proyeksi SP2010 (WebAPI)
Indonesia,IDN,PAPUA,2019,3347100,BPS proyeksi SP2010 (WebAPI)
Indonesia,IDN,PAPUA,2020,3393100,BPS proyeksi SP2010 (WebAPI)
Indonesia,IDN,PAPUA,2025,1074761,BPS SUPAS 2025
Indonesia,IDN,PAPUA BARAT,2018,941400,BPS proyeksi SP2010 (WebAPI)
Indonesia,IDN,PAPUA BARAT,2019,963600,BPS proyeksi SP2010 (WebAPI)
Indonesia,IDN,PAPUA BARAT,2020,986000,BPS proyeksi SP2010 (WebAPI)
Indonesia,IDN,PAPUA BARAT,2025,588374,BPS SUPAS 2025
Indonesia,IDN,PAPUA BARAT DAYA,2025,637189,BPS SUPAS 2025
Indonesia,IDN,PAPUA PEGUNUNGAN,2025,1486352,BPS SUPAS 2025
Indonesia,IDN,PAPUA SELATAN,2025,550308,BPS SUPAS 2025
Indonesia,IDN,PAPUA TENGAH,2025,1493906,BPS SUPAS 2025
Indonesia,IDN,RIAU,2018,6717600,BPS proyeksi SP2010 (WebAPI)
Indonesia,IDN,RIAU,2019,6835100,BPS proyeksi SP2010 (WebAPI)
Indonesia,IDN,RIAU,2020,6951200,BPS proyeksi SP2010 (WebAPI)
Indonesia,IDN,RIAU,2025,6817892,BPS SUPAS 2025
Indonesia,IDN,SULAWESI BARAT,2018,1340100,BPS proyeksi SP2010 (WebAPI)
Indonesia,IDN,SULAWESI BARAT,2019,1359200,BPS proyeksi SP2010 (WebAPI)
Indonesia,IDN,SULAWESI BARAT,2020,1378100,BPS proyeksi SP2010 (WebAPI)
Indonesia,IDN,SULAWESI BARAT,2025,1527159,BPS SUPAS 2025
Indonesia,IDN,SULAWESI SELATAN,2018,8748100,BPS proyeksi SP2010 (WebAPI)
Indonesia,IDN,SULAWESI SELATAN,2019,8819500,BPS proyeksi SP2010 (WebAPI)
Indonesia,IDN,SULAWESI SELATAN,2020,8888800,BPS proyeksi SP2010 (WebAPI)
Indonesia,IDN,SULAWESI SELATAN,2025,9571273,BPS SUPAS 2025
Indonesia,IDN,SULAWESI TENGAH,2018,3001900,BPS proyeksi SP2010 (WebAPI)
Indonesia,IDN,SULAWESI TENGAH,2019,3042100,BPS proyeksi SP2010 (WebAPI)
Indonesia,IDN,SULAWESI TENGAH,2020,3081700,BPS proyeksi SP2010 (WebAPI)
Indonesia,IDN,SULAWESI TENGAH,2025,3158895,BPS SUPAS 2025
Indonesia,IDN,SULAWESI TENGGARA,2018,2623600,BPS proyeksi SP2010 (WebAPI)
Indonesia,IDN,SULAWESI TENGGARA,2019,2663700,BPS proyeksi SP2010 (WebAPI)
Indonesia,IDN,SULAWESI TENGGARA,2020,2703500,BPS proyeksi SP2010 (WebAPI)
Indonesia,IDN,SULAWESI TENGGARA,2025,2840318,BPS SUPAS 2025
Indonesia,IDN,SULAWESI UTARA,2018,2474400,BPS proyeksi SP2010 (WebAPI)
Indonesia,IDN,SULAWESI UTARA,2019,2494100,BPS proyeksi SP2010 (WebAPI)
Indonesia,IDN,SULAWESI UTARA,2020,2512900,BPS proyeksi SP2010 (WebAPI)
Indonesia,IDN,SULAWESI UTARA,2025,2723020,BPS SUPAS 2025
Indonesia,IDN,SUMATERA BARAT,2018,5411800,BPS proyeksi SP2010 (WebAPI)
Indonesia,IDN,SUMATERA BARAT,2019,5479500,BPS proyeksi SP2010 (WebAPI)
Indonesia,IDN,SUMATERA BARAT,2020,5545700,BPS proyeksi SP2010 (WebAPI)
Indonesia,IDN,SUMATERA BARAT,2025,5920701,BPS SUPAS 2025
Indonesia,IDN,SUMATERA SELATAN,2018,8391500,BPS proyeksi SP2010 (WebAPI)
Indonesia,IDN,SUMATERA SELATAN,2019,8497200,BPS proyeksi SP2010 (WebAPI)
Indonesia,IDN,SUMATERA SELATAN,2020,8600800,BPS proyeksi SP2010 (WebAPI)
Indonesia,IDN,SUMATERA SELATAN,2025,8935870,BPS SUPAS 2025
Indonesia,IDN,SUMATERA UTARA,2018,14476000,BPS proyeksi SP2010 (WebAPI)
Indonesia,IDN,SUMATERA UTARA,2019,14639400,BPS proyeksi SP2010 (WebAPI)
Indonesia,IDN,SUMATERA UTARA,2020,14798400,BPS proyeksi SP2010 (WebAPI)
Indonesia,IDN,SUMATERA UTARA,2025,15801821,BPS SUPAS 2025
