country,iso3,year,cases,source_resolution,complete
Brunei Darussalam,BRN,1995,3,Admin0-Year,True
Brunei Darussalam,BRN,1998,2,Admin0-Year,True
Brunei Darussalam,BRN,1999,8,Admin0-Year,True
Brunei Darussalam,BRN,2000,0,Admin0-Year,True
Brunei Darussalam,BRN,2001,0,Admin0-Year,True
Brunei Darussalam,BRN,2002,26,Admin0-Year,True
Brunei Darussalam,BRN,2003,160,Admin0-Year,True
Brunei Darussalam,BRN,2004,36,Admin1-Year,True
Brunei Darussalam,BRN,2005,68,Admin1-Year,True
Brunei Darussalam,BRN,2006,68,Admin1-Year,True
Brunei Darussalam,BRN,2007,18,Admin1-Year,True
Brunei Darussalam,BRN,2008,32,Admin1-Year,True
Brunei Darussalam,BRN,2009,30,Admin1-Year,True
Brunei Darussalam,BRN,2010,299,Admin1-Year,True
Brunei Darussalam,BRN,2011,25,Admin1-Year,True
Brunei Darussalam,BRN,2012,290,Admin1-Year,True
Brunei Darussalam,BRN,2013,416,Admin1-Year,True
Brunei Darussalam,BRN,2014,433,Admin1-Year,True
Brunei Darussalam,BRN,2015,317,Admin1-Year,True
Brunei Darussalam,BRN,2016,84,Admin1-Year,True
Brunei Darussalam,BRN,2017,75,Admin1-Year,True
Philippines,PHL,1955,96,Admin0-Year,True
Philippines,PHL,1956,1207,Admin0-Year,True
Philippines,PHL,1957,152,Admin0-Year,True
Philippines,PHL,1958,94,Admin0-Year,True
Philippines,PHL,1959,125,Admin0-Year,True
Philippines,PHL,1960,551,Admin0-Year,True
Philippines,PHL,1961,1459,Admin0-Year,True
Philippines,PHL,1962,134,Admin0-Year,True
Philippines,PHL,1963,189,Admin0-Year,True
Philippines,PHL,1964,759,Admin0-Year,True
Philippines,PHL,1965,652,Admin0-Year,True
Philippines,PHL,1966,9384,Admin0-Year,True
Philippines,PHL,1967,1371,Admin0-Year,True
Philippines,PHL,1968,1116,Admin0-Year,True
Philippines,PHL,1969,1336,Admin0-Year,True
Philippines,PHL,1970,922,Admin0-Year,True
Philippines,PHL,1971,438,Admin0-Year,True
Philippines,PHL,1972,1570,Admin0-Year,True
Philippines,PHL,1973,710,Admin0-Year,True
Philippines,PHL,1974,1665,Admin0-Year,True
Philippines,PHL,1975,603,Admin0-Year,True
Philippines,PHL,1976,460,Admin0-Year,True
Philippines,PHL,1977,376,Admin0-Year,True
Philippines,PHL,1979,392,Admin0-Year,True
Philippines,PHL,1980,968,Admin0-Year,True
Philippines,PHL,1981,123,Admin0-Year,True
Philippines,PHL,1982,305,Admin0-Year,True
Philippines,PHL,1983,1684,Admin0-Year,True
Philippines,PHL,1984,2545,Admin0-Year,True
Philippines,PHL,1986,839,Admin0-Year,True
Philippines,PHL,1987,859,Admin0-Year,True
Philippines,PHL,1988,2922,Admin0-Year,True
Philippines,PHL,1989,305,Admin0-Year,True
Philippines,PHL,1990,588,Admin0-Year,True
Philippines,PHL,1991,11317,Admin0-Year,True
Philippines,PHL,1992,9108,Admin0-Year,True
Philippines,PHL,1993,5448,Admin0-Year,True
Philippines,PHL,1994,5603,Admin0-Year,True
Philippines,PHL,1995,5166,Admin0-Year,True
Philippines,PHL,1996,14649,Admin0-Year,True
Philippines,PHL,1997,12811,Admin0-Year,True
Philippines,PHL,1998,35648,Admin0-Year,True
Philippines,PHL,1999,9406,Admin0-Year,True
Philippines,PHL,2000,6614,Admin1-Year,True
Philippines,PHL,2001,23235,Admin1-Year,True
Philippines,PHL,2002,13187,Admin1-Year,True
Philippines,PHL,2003,18039,Admin1-Year,True
Philippines,PHL,2004,23040,Admin0-Year,True
Philippines,PHL,2005,20383,Admin1-Year,True
Philippines,PHL,2006,14937,Admin1-Year,True
Philippines,PHL,2007,22737,Admin1-Year,True
Philippines,PHL,2008,25284,Admin1-Year,True
Philippines,PHL,2009,13627,Admin1-Year,True
Philippines,PHL,2010,21843,Admin1-Year,True
Philippines,PHL,2011,31498,Admin1-Year,True
Philippines,PHL,2012,67699,Admin1-Year,True
Philippines,PHL,2013,47082,Admin1-Year,True
Philippines,PHL,2014,27072,Admin1-Year,True
Philippines,PHL,2015,73393,Admin1-Year,True
Philippines,PHL,2016,72061,Admin1-Year,True
Philippines,PHL,2017,25584,Admin1-Year,True
Philippines,PHL,2018,51401,Admin1-Year,True
Philippines,PHL,2019,437563,Admin0-Year,True
Philippines,PHL,2020,88595,Admin1-Year,True
Philippines,PHL,2021,79592,Admin1-Year,True
Philippines,PHL,2022,220020,Admin0-Week,True
Philippines,PHL,2023,71474,Admin0-Week,False
Indonesia,IDN,1968,58,Admin0-Year,True
Indonesia,IDN,1969,167,Admin0-Year,True
Indonesia,IDN,1970,477,Admin0-Year,True
Indonesia,IDN,1971,267,Admin0-Year,True
Indonesia,IDN,1972,1400,Admin0-Year,True
Indonesia,IDN,1973,10189,Admin0-Year,True
Indonesia,IDN,1974,4586,Admin0-Year,True
Indonesia,IDN,1975,4563,Admin0-Year,True
Indonesia,IDN,1976,4548,Admin0-Year,True
Indonesia,IDN,1977,7826,Admin0-Year,True
Indonesia,IDN,1978,6989,Admin0-Year,True
Indonesia,IDN,1979,3422,Admin0-Year,True
Indonesia,IDN,1980,5007,Admin0-Year,True
Indonesia,IDN,1981,5909,Admin0-Year,True
Indonesia,IDN,1982,4665,Admin0-Year,True
Indonesia,IDN,1983,13875,Admin0-Year,True
Indonesia,IDN,1984,12710,Admin0-Year,True
Indonesia,IDN,1985,13588,Admin0-Year,True
Indonesia,IDN,1986,16529,Admin0-Year,True
Indonesia,IDN,1987,23864,Admin0-Year,True
Indonesia,IDN,1988,44573,Admin0-Year,True
Indonesia,IDN,1989,10362,Admin0-Year,True
Indonesia,IDN,1990,22807,Admin0-Year,True
Indonesia,IDN,1991,21120,Admin0-Year,True
Indonesia,IDN,1992,17620,Admin0-Year,True
Indonesia,IDN,1993,17418,Admin0-Year,True
Indonesia,IDN,1994,18783,Admin0-Year,True
Indonesia,IDN,1995,35102,Admin0-Year,True
Indonesia,IDN,1996,44650,Admin0-Year,True
Indonesia,IDN,1997,30730,Admin0-Year,True
Indonesia,IDN,1998,72133,Admin0-Year,True
Indonesia,IDN,1999,21134,Admin0-Year,True
Indonesia,IDN,2000,21128,Admin1-Year,True
Indonesia,IDN,2001,33443,Admin1-Year,True
Indonesia,IDN,2002,40377,Admin1-Year,True
Indonesia,IDN,2003,51516,Admin1-Year,True
Indonesia,IDN,2004,79462,Admin1-Year,True
Indonesia,IDN,2005,95279,Admin1-Year,True
Indonesia,IDN,2006,114656,Admin1-Year,True
Indonesia,IDN,2007,158115,Admin1-Year,True
Indonesia,IDN,2008,137469,Admin1-Year,True
Indonesia,IDN,2009,158912,Admin1-Year,True
Indonesia,IDN,2010,156086,Admin1-Year,True
Indonesia,IDN,2011,65725,Admin1-Year,True
Indonesia,IDN,2012,90245,Admin1-Year,True
Indonesia,IDN,2013,112511,Admin1-Year,True
Indonesia,IDN,2014,100347,Admin1-Year,True
Indonesia,IDN,2015,129650,Admin1-Year,True
Indonesia,IDN,2016,204171,Admin1-Year,True
Indonesia,IDN,2017,68407,Admin1-Year,True
Indonesia,IDN,2018,65600,Admin0-Year,True
Indonesia,IDN,2019,138127,Admin1-Year,True
Indonesia,IDN,2020,108303,Admin1-Year,True
Indonesia,IDN,2021,73518,Admin1-Year,True
Indonesia,IDN,2022,141917,Admin0-Year,True
Indonesia,IDN,2023,114720,Admin1-Month,True
Indonesia,IDN,2024,186673,Admin1-Month,False
Cambodia,KHM,1980,419,Admin0-Year,True
Cambodia,KHM,1981,498,Admin0-Year,True
Cambodia,KHM,1982,711,Admin0-Year,True
Cambodia,KHM,1983,3545,Admin0-Year,True
Cambodia,KHM,1984,647,Admin0-Year,True
Cambodia,KHM,1985,5980,Admin0-Year,True
Cambodia,KHM,1986,2129,Admin0-Year,True
Cambodia,KHM,1987,3716,Admin0-Year,True
Cambodia,KHM,1988,1981,Admin0-Year,True
Cambodia,KHM,1989,2237,Admin0-Year,True
Cambodia,KHM,1990,7247,Admin0-Year,True
Cambodia,KHM,1991,1882,Admin0-Year,True
Cambodia,KHM,1992,4695,Admin0-Year,True
Cambodia,KHM,1993,3913,Admin0-Year,True
Cambodia,KHM,1994,1498,Admin0-Year,True
Cambodia,KHM,1995,10428,Admin0-Year,True
Cambodia,KHM,1996,1433,Admin0-Year,True
Cambodia,KHM,1997,4224,Admin0-Year,True
Cambodia,KHM,1998,16216,Admin0-Year,True
Cambodia,KHM,1999,1530,Admin0-Year,True
Cambodia,KHM,2000,3148,Admin0-Year,True
Cambodia,KHM,2001,10266,Admin0-Year,True
Cambodia,KHM,2002,12441,Admin0-Year,True
Cambodia,KHM,2003,12081,Admin0-Year,True
Cambodia,KHM,2004,9983,Admin0-Year,True
Cambodia,KHM,2005,9040,Admin0-Year,True
Cambodia,KHM,2006,16669,Admin0-Year,True
Cambodia,KHM,2007,39851,Admin0-Year,True
Cambodia,KHM,2008,9542,Admin0-Year,True
Cambodia,KHM,2009,11699,Admin0-Year,True
Cambodia,KHM,2010,12500,Admin0-Year,True
Cambodia,KHM,2011,15980,Admin0-Year,True
Cambodia,KHM,2012,42352,Admin0-Week,True
Cambodia,KHM,2013,17533,Admin0-Year,True
Cambodia,KHM,2014,3684,Admin0-Year,True
Cambodia,KHM,2015,15412,Admin0-Year,True
Cambodia,KHM,2016,12843,Admin0-Year,True
Cambodia,KHM,2017,6372,Admin0-Year,True
Cambodia,KHM,2018,24684,Admin0-Year,True
Cambodia,KHM,2019,68597,Admin0-Year,True
Cambodia,KHM,2020,11792,Admin0-Week,True
Cambodia,KHM,2021,1903,Admin0-Week,True
Cambodia,KHM,2022,12741,Admin0-Week,True
Cambodia,KHM,2023,36206,Admin0-Week,True
Cambodia,KHM,2024,18983,Admin0-Month,True
Laos,LAO,1979,927,Admin0-Year,True
Laos,LAO,1980,1807,Admin0-Year,True
Laos,LAO,1981,486,Admin0-Year,True
Laos,LAO,1983,204,Admin0-Year,True
Laos,LAO,1984,22,Admin0-Year,True
Laos,LAO,1985,1774,Admin0-Year,True
Laos,LAO,1986,365,Admin0-Year,True
Laos,LAO,1987,9699,Admin0-Year,True
Laos,LAO,1988,1212,Admin0-Year,True
Laos,LAO,1990,60,Admin0-Year,True
Laos,LAO,1991,249,Admin0-Year,True
Laos,LAO,1992,265,Admin0-Year,True
Laos,LAO,1993,343,Admin0-Year,True
Laos,LAO,1994,2585,Admin0-Year,True
Laos,LAO,1995,7781,Admin0-Year,True
Laos,LAO,1996,8197,Admin0-Year,True
Laos,LAO,1997,3411,Admin0-Year,True
Laos,LAO,1998,7671,Admin0-Year,True
Laos,LAO,1999,2507,Admin0-Year,True
Laos,LAO,2000,1377,Admin0-Year,True
Laos,LAO,2001,3968,Admin0-Year,True
Laos,LAO,2002,9176,Admin0-Year,True
Laos,LAO,2003,17690,Admin0-Year,True
Laos,LAO,2004,3508,Admin0-Year,True
Laos,LAO,2005,5471,Admin0-Year,True
Laos,LAO,2006,6356,Admin0-Year,True
Laos,LAO,2007,4943,Admin0-Year,True
Laos,LAO,2008,4149,Admin0-Year,True
Laos,LAO,2009,7214,Admin0-Year,True
Laos,LAO,2010,22929,Admin0-Year,True
Laos,LAO,2011,3816,Admin0-Week,True
Laos,LAO,2012,10146,Admin0-Week,True
Laos,LAO,2013,44250,Admin0-Year,True
Laos,LAO,2014,1716,Admin0-Year,True
Laos,LAO,2015,1959,Admin0-Year,True
Laos,LAO,2016,5618,Admin0-Year,True
Laos,LAO,2017,11067,Admin0-Year,True
Laos,LAO,2018,6446,Admin0-Year,True
Laos,LAO,2019,39091,Admin0-Year,True
Laos,LAO,2020,7692,Admin0-Week,True
Laos,LAO,2021,1340,Admin0-Week,True
Laos,LAO,2022,29064,Admin0-Week,True
Laos,LAO,2023,32084,Admin0-Week,True
Laos,LAO,2024,19486,Admin0-Month,True
Laos,LAO,2025,556,Admin0-Month,False
Malaysia,MYS,1963,41,Admin0-Year,True
Malaysia,MYS,1973,1487,Admin0-Year,True
Malaysia,MYS,1974,2200,Admin0-Year,True
Malaysia,MYS,1975,830,Admin0-Year,True
Malaysia,MYS,1976,790,Admin0-Year,True
Malaysia,MYS,1977,780,Admin0-Year,True
Malaysia,MYS,1978,929,Admin0-Year,True
Malaysia,MYS,1979,862,Admin0-Year,True
Malaysia,MYS,1980,668,Admin0-Year,True
Malaysia,MYS,1981,524,Admin0-Year,True
Malaysia,MYS,1982,3052,Admin0-Year,True
Malaysia,MYS,1983,790,Admin0-Year,True
Malaysia,MYS,1984,702,Admin0-Year,True
Malaysia,MYS,1985,367,Admin0-Year,True
Malaysia,MYS,1986,1408,Admin0-Year,True
Malaysia,MYS,1987,2025,Admin0-Year,True
Malaysia,MYS,1988,1428,Admin0-Year,True
Malaysia,MYS,1989,2564,Admin0-Year,True
Malaysia,MYS,1990,4880,Admin0-Year,True
Malaysia,MYS,1991,6628,Admin0-Year,True
Malaysia,MYS,1992,5473,Admin0-Year,True
Malaysia,MYS,1993,5615,Admin0-Year,True
Malaysia,MYS,1994,3133,Admin0-Year,True
Malaysia,MYS,1995,6543,Admin0-Year,True
Malaysia,MYS,1996,14255,Admin0-Year,True
Malaysia,MYS,1997,19429,Admin0-Year,True
Malaysia,MYS,1998,27381,Admin0-Year,True
Malaysia,MYS,1999,10146,Admin0-Year,True
Malaysia,MYS,2000,7103,Admin0-Year,True
Malaysia,MYS,2001,16368,Admin0-Year,True
Malaysia,MYS,2002,32767,Admin0-Year,True
Malaysia,MYS,2003,31545,Admin0-Year,True
Malaysia,MYS,2004,33895,Admin0-Year,True
Malaysia,MYS,2005,39686,Admin0-Year,True
Malaysia,MYS,2006,38556,Admin0-Year,True
Malaysia,MYS,2007,48846,Admin0-Year,True
Malaysia,MYS,2008,49335,Admin0-Year,True
Malaysia,MYS,2009,41486,Admin1-Year,True
Malaysia,MYS,2010,46171,Admin1-Year,True
Malaysia,MYS,2011,19884,Admin1-Year,True
Malaysia,MYS,2012,21900,Admin1-Year,True
Malaysia,MYS,2013,43346,Admin1-Year,True
Malaysia,MYS,2014,108697,Admin1-Year,True
Malaysia,MYS,2015,120836,Admin1-Year,True
Malaysia,MYS,2016,101357,Admin1-Year,True
Malaysia,MYS,2017,83849,Admin1-Year,True
Malaysia,MYS,2018,79775,Admin1-Year,True
Malaysia,MYS,2019,130101,Admin0-Year,True
Malaysia,MYS,2020,87171,Admin0-Week,True
Malaysia,MYS,2021,26978,Admin0-Week,True
Malaysia,MYS,2022,65732,Admin0-Week,True
Malaysia,MYS,2023,123133,Admin1-Year,True
Malaysia,MYS,2024,122423,Admin0-Month,True
Myanmar,MMR,1970,0,Admin0-Year,True
Myanmar,MMR,1971,387,Admin0-Year,True
Myanmar,MMR,1972,515,Admin0-Year,True
Myanmar,MMR,1973,18,Admin0-Year,True
Myanmar,MMR,1974,2149,Admin0-Year,True
Myanmar,MMR,1975,6414,Admin0-Year,True
Myanmar,MMR,1976,2633,Admin0-Year,True
Myanmar,MMR,1977,4928,Admin0-Year,True
Myanmar,MMR,1978,1476,Admin0-Year,True
Myanmar,MMR,1979,4427,Admin0-Year,True
Myanmar,MMR,1980,1631,Admin0-Year,True
Myanmar,MMR,1981,970,Admin0-Year,True
Myanmar,MMR,1982,1131,Admin0-Year,True
Myanmar,MMR,1983,2604,Admin0-Year,True
Myanmar,MMR,1984,1943,Admin0-Year,True
Myanmar,MMR,1985,2432,Admin0-Year,True
Myanmar,MMR,1986,1935,Admin0-Year,True
Myanmar,MMR,1987,7022,Admin0-Year,True
Myanmar,MMR,1988,778,Admin0-Year,True
Myanmar,MMR,1989,774,Admin0-Year,True
Myanmar,MMR,1990,5696,Admin0-Year,True
Myanmar,MMR,1991,6677,Admin0-Year,True
Myanmar,MMR,1992,1418,Admin0-Year,True
Myanmar,MMR,1993,1742,Admin0-Year,True
Myanmar,MMR,1994,11591,Admin0-Year,True
Myanmar,MMR,1995,2063,Admin0-Year,True
Myanmar,MMR,1996,1731,Admin0-Year,True
Myanmar,MMR,1997,3697,Admin0-Year,True
Myanmar,MMR,1998,12231,Admin0-Year,True
Myanmar,MMR,1999,5495,Admin0-Year,True
Myanmar,MMR,2000,1222,Admin0-Year,True
Myanmar,MMR,2001,15503,Admin0-Year,True
Myanmar,MMR,2002,15663,Admin0-Year,True
Myanmar,MMR,2003,6792,Admin0-Year,True
Myanmar,MMR,2004,6624,Admin0-Year,True
Myanmar,MMR,2005,16965,Admin0-Year,True
Myanmar,MMR,2006,10392,Admin0-Year,True
Myanmar,MMR,2007,14658,Admin0-Year,True
Myanmar,MMR,2008,17281,Admin0-Year,True
Myanmar,MMR,2009,23681,Admin0-Year,True
Myanmar,MMR,2010,15631,Admin0-Year,True
Myanmar,MMR,2011,4297,Admin0-Year,True
Myanmar,MMR,2012,7006,Admin1-Year,True
Myanmar,MMR,2013,22166,Admin1-Year,True
Myanmar,MMR,2014,14410,Admin1-Year,True
Myanmar,MMR,2015,42191,Admin1-Year,True
Myanmar,MMR,2016,10385,Admin1-Year,True
Myanmar,MMR,2017,32891,Admin1-Year,True
Myanmar,MMR,2018,22512,Admin1-Year,True
Myanmar,MMR,2019,23203,Admin0-Year,True
Myanmar,MMR,2020,15131,Admin0-Year,True
Myanmar,MMR,2021,5446,Admin0-Year,True
Myanmar,MMR,2022,24971,Admin0-Year,True
Myanmar,MMR,2023,16130,Admin0-Year,True
Myanmar,MMR,2024,6388,Admin0-Month,True
Myanmar,MMR,2025,292,Admin0-Month,False
Singapore,SGP,1960,88,Admin0-Year,True
Singapore,SGP,1961,166,Admin0-Year,True
Singapore,SGP,1962,197,Admin0-Year,True
Singapore,SGP,1963,294,Admin0-Year,True
Singapore,SGP,1964,363,Admin0-Year,True
Singapore,SGP,1965,47,Admin0-Year,True
Singapore,SGP,1966,630,Admin0-Year,True
Singapore,SGP,1967,826,Admin0-Year,True
Singapore,SGP,1968,848,Admin0-Year,True
Singapore,SGP,1969,189,Admin0-Year,True
Singapore,SGP,1970,71,Admin0-Year,True
Singapore,SGP,1971,116,Admin0-Year,True
Singapore,SGP,1972,64,Admin0-Year,True
Singapore,SGP,1973,1187,Admin0-Year,True
Singapore,SGP,1974,229,Admin0-Year,True
Singapore,SGP,1975,59,Admin0-Year,True
Singapore,SGP,1976,30,Admin0-Year,True
Singapore,SGP,1977,92,Admin0-Year,True
Singapore,SGP,1978,384,Admin0-Year,True
Singapore,SGP,1979,156,Admin0-Year,True
Singapore,SGP,1980,253,Admin0-Year,True
Singapore,SGP,1981,136,Admin0-Year,True
Singapore,SGP,1982,216,Admin0-Year,True
Singapore,SGP,1983,205,Admin0-Year,True
Singapore,SGP,1984,86,Admin0-Year,True
Singapore,SGP,1985,126,Admin0-Year,True
Singapore,SGP,1986,354,Admin0-Year,True
Singapore,SGP,1987,436,Admin0-Year,True
Singapore,SGP,1988,245,Admin0-Year,True
Singapore,SGP,1989,944,Admin0-Year,True
Singapore,SGP,1990,1733,Admin0-Year,True
Singapore,SGP,1991,2179,Admin0-Year,True
Singapore,SGP,1992,2878,Admin0-Year,True
Singapore,SGP,1993,946,Admin0-Year,True
Singapore,SGP,1994,1239,Admin0-Year,True
Singapore,SGP,1995,2008,Admin0-Year,True
Singapore,SGP,1996,3128,Admin0-Year,True
Singapore,SGP,1997,4300,Admin0-Year,True
Singapore,SGP,1998,5258,Admin0-Year,True
Singapore,SGP,1999,1355,Admin0-Year,True
Singapore,SGP,2000,673,Admin0-Year,True
Singapore,SGP,2001,2372,Admin0-Year,True
Singapore,SGP,2002,3945,Admin0-Year,True
Singapore,SGP,2003,4788,Admin0-Year,True
Singapore,SGP,2004,9459,Admin0-Year,True
Singapore,SGP,2005,14209,Admin0-Year,True
Singapore,SGP,2006,3127,Admin0-Year,True
Singapore,SGP,2007,8826,Admin0-Year,True
Singapore,SGP,2008,7032,Admin0-Year,True
Singapore,SGP,2009,4497,Admin0-Year,True
Singapore,SGP,2010,5364,Admin0-Year,True
Singapore,SGP,2011,5266,Admin0-Week,True
Singapore,SGP,2012,4734,Admin0-Week,True
Singapore,SGP,2013,22170,Admin0-Year,True
Singapore,SGP,2014,18326,Admin0-Year,True
Singapore,SGP,2015,11294,Admin0-Year,True
Singapore,SGP,2016,13085,Admin0-Year,True
Singapore,SGP,2017,2767,Admin0-Year,True
Singapore,SGP,2018,3283,Admin0-Year,True
Singapore,SGP,2019,15999,Admin0-Year,True
Singapore,SGP,2020,34959,Admin0-Week,True
Singapore,SGP,2021,5245,Admin0-Week,True
Singapore,SGP,2022,31853,Admin0-Week,True
Singapore,SGP,2023,10243,Admin0-Week,True
Singapore,SGP,2024,13655,Admin0-Month,True
Singapore,SGP,2025,1126,Admin0-Month,False
Thailand,THA,1958,2706,Admin0-Year,True
Thailand,THA,1959,160,Admin0-Year,True
Thailand,THA,1960,1851,Admin0-Year,True
Thailand,THA,1961,561,Admin0-Year,True
Thailand,THA,1962,5947,Admin0-Year,True
Thailand,THA,1963,2215,Admin0-Year,True
Thailand,THA,1964,7763,Admin0-Year,True
Thailand,THA,1965,4094,Admin0-Year,True
Thailand,THA,1966,5816,Admin0-Year,True
Thailand,THA,1967,2060,Admin0-Year,True
Thailand,THA,1968,6430,Admin0-Year,True
Thailand,THA,1969,8670,Admin0-Year,True
Thailand,THA,1970,2767,Admin0-Year,True
Thailand,THA,1971,11540,Admin0-Year,True
Thailand,THA,1972,23786,Admin0-Year,True
Thailand,THA,1973,8280,Admin0-Year,True
Thailand,THA,1974,8160,Admin0-Year,True
Thailand,THA,1975,17767,Admin0-Year,True
Thailand,THA,1976,9616,Admin0-Year,True
Thailand,THA,1977,38768,Admin0-Year,True
Thailand,THA,1978,12547,Admin0-Year,True
Thailand,THA,1979,11478,Admin0-Year,True
Thailand,THA,1980,43382,Admin0-Year,True
Thailand,THA,1981,25670,Admin0-Year,True
Thailand,THA,1982,22250,Admin0-Year,True
Thailand,THA,1983,30025,Admin0-Year,True
Thailand,THA,1984,69101,Admin0-Year,True
Thailand,THA,1985,80076,Admin0-Year,True
Thailand,THA,1986,27837,Admin0-Year,True
Thailand,THA,1987,174285,Admin0-Year,True
Thailand,THA,1988,26926,Admin0-Year,True
Thailand,THA,1989,74391,Admin0-Year,True
Thailand,THA,1990,92002,Admin0-Year,True
Thailand,THA,1991,43511,Admin0-Year,True
Thailand,THA,1992,41125,Admin0-Year,True
Thailand,THA,1993,67017,Admin0-Year,True
Thailand,THA,1994,51688,Admin0-Year,True
Thailand,THA,1995,60330,Admin0-Year,True
Thailand,THA,1996,38109,Admin0-Year,True
Thailand,THA,1997,101689,Admin0-Year,True
Thailand,THA,1998,129954,Admin0-Year,True
Thailand,THA,1999,24900,Admin0-Year,True
Thailand,THA,2000,18617,Admin0-Year,True
Thailand,THA,2001,139327,Admin0-Year,True
Thailand,THA,2002,114800,Admin0-Year,True
Thailand,THA,2003,62767,Admin0-Year,True
Thailand,THA,2004,38367,Admin0-Year,True
Thailand,THA,2005,45893,Admin0-Year,True
Thailand,THA,2006,42456,Admin0-Year,True
Thailand,THA,2007,62949,Admin0-Year,True
Thailand,THA,2008,89626,Admin0-Year,True
Thailand,THA,2009,25194,Admin0-Year,True
Thailand,THA,2010,53149,Admin1-Month,True
Thailand,THA,2011,29759,Admin1-Month,True
Thailand,THA,2012,25316,Admin1-Month,True
Thailand,THA,2013,87502,Admin1-Month,True
Thailand,THA,2014,23170,Admin1-Month,True
Thailand,THA,2015,86653,Admin1-Month,True
Thailand,THA,2016,38466,Admin1-Month,True
Thailand,THA,2017,31843,Admin1-Month,True
Thailand,THA,2018,55076,Admin1-Month,True
Thailand,THA,2019,87866,Admin1-Month,True
Thailand,THA,2020,50911,Admin1-Month,True
Thailand,THA,2021,7778,Admin1-Month,True
Thailand,THA,2022,34605,Admin1-Month,True
Thailand,THA,2023,159219,Admin0-Month,True
Thailand,THA,2024,104681,Admin0-Month,True
Thailand,THA,2025,8721,Admin0-Month,False
Vietnam,VNM,1960,100,Admin0-Year,True
Vietnam,VNM,1962,283,Admin0-Year,True
Vietnam,VNM,1963,374,Admin0-Year,True
Vietnam,VNM,1964,559,Admin0-Year,True
Vietnam,VNM,1965,171,Admin0-Year,True
Vietnam,VNM,1966,53,Admin0-Year,True
Vietnam,VNM,1972,763,Admin0-Year,True
Vietnam,VNM,1973,14320,Admin0-Year,True
Vietnam,VNM,1974,4261,Admin0-Year,True
Vietnam,VNM,1976,21361,Admin0-Year,True
Vietnam,VNM,1977,45011,Admin0-Year,True
Vietnam,VNM,1978,20027,Admin0-Year,True
Vietnam,VNM,1979,59989,Admin0-Year,True
Vietnam,VNM,1980,68990,Admin0-Year,True
Vietnam,VNM,1981,35323,Admin0-Year,True
Vietnam,VNM,1982,39806,Admin0-Year,True
Vietnam,VNM,1983,143380,Admin0-Year,True
Vietnam,VNM,1984,30496,Admin0-Year,True
Vietnam,VNM,1985,45107,Admin0-Year,True
Vietnam,VNM,1986,46266,Admin0-Year,True
Vietnam,VNM,1987,354517,Admin0-Year,True
Vietnam,VNM,1988,85160,Admin0-Year,True
Vietnam,VNM,1989,40205,Admin0-Year,True
Vietnam,VNM,1990,37569,Admin0-Year,True
Vietnam,VNM,1991,94630,Admin0-Year,True
Vietnam,VNM,1992,48333,Admin0-Year,True
Vietnam,VNM,1993,53674,Admin0-Year,True
Vietnam,VNM,1994,44944,Admin0-Year,True
Vietnam,VNM,1995,80447,Admin0-Year,True
Vietnam,VNM,1996,89963,Admin0-Year,True
Vietnam,VNM,1997,108000,Admin0-Year,True
Vietnam,VNM,1998,234866,Admin0-Year,True
Vietnam,VNM,1999,20861,Admin0-Year,True
Vietnam,VNM,2000,25269,Admin0-Year,True
Vietnam,VNM,2001,42878,Admin0-Year,True
Vietnam,VNM,2002,31760,Admin0-Year,True
Vietnam,VNM,2003,49751,Admin0-Year,True
Vietnam,VNM,2004,78692,Admin0-Year,True
Vietnam,VNM,2005,56980,Admin0-Year,True
Vietnam,VNM,2006,68532,Admin0-Year,True
Vietnam,VNM,2007,104393,Admin0-Year,True
Vietnam,VNM,2008,96451,Admin0-Year,True
Vietnam,VNM,2009,105370,Admin0-Year,True
Vietnam,VNM,2010,128831,Admin0-Year,True
Vietnam,VNM,2011,40998,Admin0-Month,True
Vietnam,VNM,2012,82838,Admin0-Month,True
Vietnam,VNM,2013,66322,Admin0-Year,True
Vietnam,VNM,2014,31848,Admin0-Year,True
Vietnam,VNM,2015,97484,Admin0-Year,True
Vietnam,VNM,2016,91609,Admin0-Year,True
Vietnam,VNM,2017,172232,Admin0-Year,True
Vietnam,VNM,2018,131447,Admin0-Year,True
Vietnam,VNM,2019,320702,Admin0-Year,True
Vietnam,VNM,2020,137470,Admin0-Year,True
Vietnam,VNM,2021,68268,Admin0-Year,True
Vietnam,VNM,2022,367729,Admin0-Year,True
Vietnam,VNM,2023,139048,Admin0-Week,False
Vietnam,VNM,2024,108433,Admin0-Month,True
Vietnam,VNM,2025,17126,Admin0-Month,False
