iso3,predictor,lag,r,n_months
IDN,Temperature,0,0.483911654748364,172
IDN,Temperature,1,0.5332518109166093,171
IDN,Temperature,2,0.557324771838981,170
IDN,Temperature,3,0.571172402186477,169
IDN,Temperature,4,0.5483151886299404,168
IDN,Temperature,5,0.4730885578278055,167
IDN,Temperature,6,0.4269115567835065,166
IDN,Temperature,7,0.3361781486663228,165
IDN,Temperature,8,0.2240918713366194,164
IDN,Rainfall,0,0.2545224559471317,172
IDN,Rainfall,1,0.2449340768954035,171
IDN,Rainfall,2,0.1917200166886683,170
IDN,Rainfall,3,0.0549192499895602,169
IDN,Rainfall,4,-0.0695620839669677,168
IDN,Rainfall,5,-0.1911832313734445,167
IDN,Rainfall,6,-0.3177026212140194,166
IDN,Rainfall,7,-0.421659245075132,165
IDN,Rainfall,8,-0.4243048286767114,164
IDN,ONI,0,0.2841271693616089,172
IDN,ONI,1,0.3688274758249497,171
IDN,ONI,2,0.447989894578724,170
IDN,ONI,3,0.5147194981694867,169
IDN,ONI,4,0.5588547649536676,168
IDN,ONI,5,0.5739141628057651,167
IDN,ONI,6,0.5586266457007076,166
IDN,ONI,7,0.5149849320169545,165
IDN,ONI,8,0.4479073140268187,164
THA,Temperature,0,0.2781423786203215,156
THA,Temperature,1,0.3107937128478731,155
THA,Temperature,2,0.3754844057949909,154
THA,Temperature,3,0.4417560691184304,153
THA,Temperature,4,0.423726958015047,152
THA,Temperature,5,0.3420752318591739,151
THA,Temperature,6,0.2535976462380895,150
THA,Temperature,7,0.1376628123563609,149
THA,Temperature,8,0.0531222643844072,148
THA,Rainfall,0,-0.1580584755867787,156
THA,Rainfall,1,-0.1148881977532991,155
THA,Rainfall,2,-0.0928031725493674,154
THA,Rainfall,3,-0.172291641361974,153
THA,Rainfall,4,-0.1873240806069999,152
THA,Rainfall,5,-0.1818936930934807,151
THA,Rainfall,6,-0.1694892479408127,150
THA,Rainfall,7,-0.1063050021294534,149
THA,Rainfall,8,-0.04770727704678,148
THA,ONI,0,0.4996131927109468,156
THA,ONI,1,0.4954414943832902,155
THA,ONI,2,0.4821818560289358,154
THA,ONI,3,0.4651146964240426,153
THA,ONI,4,0.4495147137269828,152
THA,ONI,5,0.4308798245095985,151
THA,ONI,6,0.4104337100821454,150
THA,ONI,7,0.3845378417524834,149
THA,ONI,8,0.349400556834002,148
