country,period,date,year,month,month_name,cases,cases_anomaly_z,threshold_p75,peak_case_month,alarm_rule_d,alarm_el_nino,enso_phase_lag4,oni,oni_lag3,oni_lag4,temp_c,temp_c_lag2,rain_mm,rain_mm_lag1
Indonesia,2010-01,2010-01-01,2010,1,Jan,22796.0,0.788,11932,Yes,Yes,Yes,El Nino,1.5,1.01,0.71,25.21,25.5,326.51,332.38
Indonesia,2010-02,2010-02-01,2010,2,Feb,22490.0,1.099,11932,Yes,Yes,Yes,El Nino,1.22,1.36,1.01,25.77,25.36,270.38,326.51
Indonesia,2010-03,2010-03-01,2010,3,Mar,19554.0,0.723,11932,Yes,Yes,Yes,El Nino,0.84,1.56,1.36,25.67,25.21,369.33,270.38
Indonesia,2010-04,2010-04-01,2010,4,Apr,16274.0,0.542,11932,Yes,Yes,Yes,Strong El Nino,0.35,1.5,1.56,25.98,25.77,330.68,369.33
Indonesia,2010-05,2010-05-01,2010,5,May,13364.0,0.318,11932,Yes,No,Yes,Strong El Nino,-0.17,1.22,1.5,26.14,25.67,320.4,330.68
Indonesia,2010-06,2010-06-01,2010,6,Jun,11643.0,0.451,11932,No,No,Yes,El Nino,-0.66,0.84,1.22,25.46,25.98,270.54,320.4
Indonesia,2010-07,2010-07-01,2010,7,Jul,10929.0,0.779,11932,No,No,Yes,El Nino,-1.05,0.35,0.84,25.04,26.14,285.3,270.54
Indonesia,2010-08,2010-08-01,2010,8,Aug,9615.0,1.03,11932,No,No,No,Neutral,-1.35,-0.17,0.35,25.16,25.46,286.92,285.3
Indonesia,2010-09,2010-09-01,2010,9,Sep,7986.0,0.783,11932,No,No,No,Neutral,-1.56,-0.66,-0.17,25.2,25.04,324.49,286.92
Indonesia,2010-10,2010-10-01,2010,10,Oct,8149.0,0.882,11932,No,No,No,La Nina,-1.64,-1.05,-0.66,25.43,25.16,327.45,324.49
Indonesia,2010-11,2010-11-01,2010,11,Nov,7705.0,0.346,11932,No,No,No,La Nina,-1.64,-1.35,-1.05,25.29,25.2,339.72,327.45
Indonesia,2010-12,2010-12-01,2010,12,Dec,5581.0,-0.598,11932,No,No,No,La Nina,-1.54,-1.56,-1.35,25.04,25.43,315.48,339.72
Indonesia,2011-01,2011-01-01,2011,1,Jan,8492.0,-0.996,11932,No,No,No,Strong La Nina,-1.31,-1.64,-1.56,24.91,25.29,300.81,315.48
Indonesia,2011-02,2011-02-01,2011,2,Feb,6602.0,-0.979,11932,No,No,No,Strong La Nina,-1.04,-1.64,-1.64,25.14,25.04,251.59,300.81
Indonesia,2011-03,2011-03-01,2011,3,Mar,6474.0,-0.913,11932,No,No,No,Strong La Nina,-0.8,-1.54,-1.64,25.08,24.91,340.51,251.59
Indonesia,2011-05,2011-05-01,2011,5,May,4811.0,-1.015,11932,No,No,No,La Nina,-0.46,-1.04,-1.31,25.5,25.08,278.03,331.4
Indonesia,2011-06,2011-06-01,2011,6,Jun,4486.0,-1.011,11932,No,No,No,La Nina,-0.37,-0.8,-1.04,25.04,25.27,198.08,278.03
Indonesia,2011-07,2011-07-01,2011,7,Jul,4432.0,-0.987,11932,No,No,No,La Nina,-0.43,-0.62,-0.8,24.81,25.5,166.05,198.08
Indonesia,2011-08,2011-08-01,2011,8,Aug,4372.0,-0.752,11932,No,No,No,La Nina,-0.58,-0.46,-0.62,24.87,25.04,171.56,166.05
Indonesia,2011-09,2011-09-01,2011,9,Sep,3913.0,-0.903,11932,No,No,No,Neutral,-0.79,-0.37,-0.46,25.04,24.81,245.88,171.56
Indonesia,2011-10,2011-10-01,2011,10,Oct,4837.0,-0.652,11932,No,No,No,Neutral,-0.96,-0.43,-0.37,25.26,24.87,278.05,245.88
Indonesia,2011-11,2011-11-01,2011,11,Nov,5725.0,-0.58,11932,No,No,No,Neutral,-1.02,-0.58,-0.43,25.35,25.04,328.01,278.05
Indonesia,2011-12,2011-12-01,2011,12,Dec,6743.0,-0.201,11932,No,No,No,La Nina,-0.92,-0.79,-0.58,25.27,25.26,366.95,328.01
Indonesia,2012-01,2012-01-01,2012,1,Jan,11396.0,-0.634,11932,No,No,No,La Nina,-0.72,-0.96,-0.79,25.19,25.35,292.49,366.95
Indonesia,2012-02,2012-02-01,2012,2,Feb,11074.0,-0.394,11932,No,No,No,La Nina,-0.57,-1.02,-0.96,25.11,25.27,315.74,292.49
Indonesia,2012-03,2012-03-01,2012,3,Mar,9355.0,-0.552,11932,No,No,No,La Nina,-0.46,-0.92,-1.02,25.23,25.19,335.58,315.74
Indonesia,2012-04,2012-04-01,2012,4,Apr,7983.0,-0.657,11932,No,No,No,La Nina,-0.36,-0.72,-0.92,25.35,25.11,321.38,335.58
Indonesia,2012-05,2012-05-01,2012,5,May,7999.0,-0.518,11932,No,No,No,La Nina,-0.17,-0.57,-0.72,25.46,25.23,263.84,321.38
Indonesia,2012-06,2012-06-01,2012,6,Jun,6887.0,-0.521,11932,No,No,No,La Nina,0.06,-0.46,-0.57,25.15,25.35,187.7,263.84
Indonesia,2012-07,2012-07-01,2012,7,Jul,6009.0,-0.558,11932,No,No,No,Neutral,0.3,-0.36,-0.46,24.63,25.46,231.42,187.7
Indonesia,2012-08,2012-08-01,2012,8,Aug,4460.0,-0.722,11932,No,No,No,Neutral,0.41,-0.17,-0.36,24.81,25.15,194.7,231.42
Indonesia,2012-09,2012-09-01,2012,9,Sep,4341.0,-0.726,11932,No,No,No,Neutral,0.41,0.06,-0.17,25.25,24.63,183.28,194.7
Indonesia,2012-10,2012-10-01,2012,10,Oct,5507.0,-0.341,11932,No,No,No,Neutral,0.31,0.3,0.06,25.48,24.81,267.7,183.28
Indonesia,2012-11,2012-11-01,2012,11,Nov,6750.0,-0.1,11932,No,No,No,Neutral,0.13,0.41,0.3,25.41,25.25,353.47,267.7
Indonesia,2012-12,2012-12-01,2012,12,Dec,8484.0,0.395,11932,No,No,No,Neutral,-0.1,0.41,0.41,25.31,25.48,390.57,353.47
Indonesia,2013-01,2013-01-01,2013,1,Jan,17230.0,0.094,11932,Yes,No,No,Neutral,-0.29,0.31,0.41,25.39,25.41,325.86,390.57
Indonesia,2013-02,2013-02-01,2013,2,Feb,14070.0,-0.002,11932,Yes,No,No,Neutral,-0.29,0.13,0.31,25.3,25.31,338.67,325.86
Indonesia,2013-03,2013-03-01,2013,3,Mar,12022.0,-0.219,11932,Yes,No,No,Neutral,-0.21,-0.1,0.13,25.75,25.39,304.0,338.67
Indonesia,2013-04,2013-04-01,2013,4,Apr,11907.0,-0.089,11932,No,No,No,Neutral,-0.19,-0.29,-0.1,25.69,25.3,364.35,304.0
Indonesia,2013-05,2013-05-01,2013,5,May,10871.0,-0.071,11932,No,No,No,Neutral,-0.27,-0.29,-0.29,25.67,25.75,316.82,364.35
Indonesia,2013-06,2013-06-01,2013,6,Jun,9170.0,-0.055,11932,No,No,No,Neutral,-0.34,-0.21,-0.29,25.69,25.69,243.95,316.82
Indonesia,2013-07,2013-07-01,2013,7,Jul,8726.0,0.18,11932,No,No,No,Neutral,-0.35,-0.19,-0.21,24.68,25.67,305.47,243.95
Indonesia,2013-08,2013-08-01,2013,8,Aug,7173.0,0.2,11932,No,No,No,Neutral,-0.28,-0.27,-0.19,24.75,25.69,217.86,305.47
Indonesia,2013-09,2013-09-01,2013,9,Sep,6063.0,-0.013,11932,No,No,No,Neutral,-0.21,-0.34,-0.27,25.07,24.68,227.03,217.86
Indonesia,2013-10,2013-10-01,2013,10,Oct,5703.0,-0.251,11932,No,No,No,Neutral,-0.13,-0.35,-0.34,25.42,24.75,254.03,227.03
Indonesia,2013-11,2013-11-01,2013,11,Nov,4870.0,-0.98,11932,No,No,No,Neutral,-0.1,-0.28,-0.35,25.27,25.07,339.74,254.03
Indonesia,2013-12,2013-12-01,2013,12,Dec,4706.0,-0.897,11932,No,No,No,Neutral,-0.15,-0.21,-0.28,25.13,25.42,408.56,339.74
Indonesia,2014-01,2014-01-01,2014,1,Jan,9445.0,-0.877,11932,No,No,No,Neutral,-0.28,-0.13,-0.21,24.91,25.27,272.28,408.56
Indonesia,2014-02,2014-02-01,2014,2,Feb,9410.0,-0.612,11932,No,No,No,Neutral,-0.32,-0.1,-0.13,25.35,25.13,202.22,272.28
Indonesia,2014-03,2014-03-01,2014,3,Mar,8675.0,-0.638,11932,No,No,No,Neutral,-0.14,-0.15,-0.1,25.49,24.91,274.03,202.22
Indonesia,2014-04,2014-04-01,2014,4,Apr,9088.0,-0.497,11932,No,No,No,Neutral,0.15,-0.28,-0.15,25.54,25.35,302.01,274.03
Indonesia,2014-05,2014-05-01,2014,5,May,8896.0,-0.378,11932,No,No,No,Neutral,0.31,-0.32,-0.28,25.7,25.49,288.19,302.01
Indonesia,2014-06,2014-06-01,2014,6,Jun,8353.0,-0.222,11932,No,No,No,Neutral,0.23,-0.14,-0.32,25.59,25.54,241.21,288.19
Indonesia,2014-07,2014-07-01,2014,7,Jul,7360.0,-0.191,11932,No,No,No,Neutral,0.1,0.15,-0.14,25.23,25.7,157.36,241.21
Indonesia,2014-08,2014-08-01,2014,8,Aug,7604.0,0.346,11932,No,No,No,Neutral,0.11,0.31,0.15,24.77,25.59,252.16,157.36
Indonesia,2014-09,2014-09-01,2014,9,Sep,7634.0,0.637,11932,No,No,No,Neutral,0.28,0.23,0.31,25.19,25.23,175.71,252.16
Indonesia,2014-10,2014-10-01,2014,10,Oct,8149.0,0.882,11932,No,No,No,Neutral,0.54,0.1,0.23,25.79,24.77,187.41,175.71
Indonesia,2014-11,2014-11-01,2014,11,Nov,7877.0,0.427,11932,No,No,No,Neutral,0.71,0.11,0.1,25.58,25.19,330.03,187.41
Indonesia,2014-12,2014-12-01,2014,12,Dec,7856.0,0.18,11932,No,No,No,Neutral,0.77,0.28,0.11,25.35,25.79,386.14,330.03
Indonesia,2015-01,2015-01-01,2015,1,Jan,21267.0,0.597,11932,Yes,No,No,Neutral,0.69,0.54,0.28,25.1,25.58,312.98,386.14
Indonesia,2015-02,2015-02-01,2015,2,Feb,20164.0,0.795,11932,Yes,Yes,Yes,El Nino,0.61,0.71,0.54,25.05,25.35,283.22,312.98
Indonesia,2015-03,2015-03-01,2015,3,Mar,14884.0,0.139,11932,Yes,Yes,Yes,El Nino,0.65,0.77,0.71,25.34,25.1,305.0,283.22
Indonesia,2015-04,2015-04-01,2015,4,Apr,13664.0,0.164,11932,Yes,Yes,Yes,El Nino,0.81,0.69,0.77,25.54,25.05,328.9,305.0
Indonesia,2015-05,2015-05-01,2015,5,May,11796.0,0.074,11932,No,No,Yes,El Nino,1.02,0.61,0.69,25.68,25.34,231.06,328.9
Indonesia,2015-06,2015-06-01,2015,6,Jun,10007.0,0.116,11932,No,No,Yes,El Nino,1.25,0.65,0.61,25.4,25.54,211.76,231.06
Indonesia,2015-07,2015-07-01,2015,7,Jul,7200.0,-0.235,11932,No,No,Yes,El Nino,1.57,0.81,0.65,25.29,25.68,118.13,211.76
Indonesia,2015-08,2015-08-01,2015,8,Aug,5501.0,-0.368,11932,No,No,Yes,El Nino,1.91,1.02,0.81,25.16,25.4,103.85,118.13
Indonesia,2015-09,2015-09-01,2015,9,Sep,4855.0,-0.513,11932,No,No,Yes,El Nino,2.21,1.25,1.02,25.59,25.29,123.69,103.85
Indonesia,2015-10,2015-10-01,2015,10,Oct,5221.0,-0.474,11932,No,No,Yes,El Nino,2.47,1.57,1.25,25.95,25.16,146.38,123.69
Indonesia,2015-11,2015-11-01,2015,11,Nov,6803.0,-0.076,11932,No,No,Yes,Strong El Nino,2.64,1.91,1.57,25.83,25.59,320.48,146.38
Indonesia,2015-12,2015-12-01,2015,12,Dec,8327.0,0.341,11932,No,No,Yes,Strong El Nino,2.75,2.21,1.91,25.83,25.95,312.29,320.48
Indonesia,2016-01,2016-01-01,2016,1,Jan,29672.0,1.646,11932,Yes,Yes,Yes,Strong El Nino,2.63,2.47,2.21,25.96,25.83,303.77,312.29
Indonesia,2016-03,2016-03-01,2016,3,Mar,27005.0,1.655,11932,Yes,Yes,Yes,Strong El Nino,1.71,2.75,2.64,26.14,25.96,352.42,368.79
Indonesia,2016-04,2016-04-01,2016,4,Apr,24239.0,1.693,11932,Yes,Yes,Yes,Strong El Nino,1.05,2.63,2.75,26.23,25.72,364.14,352.42
Indonesia,2016-05,2016-05-01,2016,5,May,19075.0,1.208,11932,Yes,No,Yes,Strong El Nino,0.49,2.28,2.63,26.3,26.14,309.83,364.14
Indonesia,2016-06,2016-06-01,2016,6,Jun,15183.0,1.174,11932,Yes,No,Yes,Strong El Nino,0.0,1.71,2.28,25.63,26.23,247.93,309.83
Indonesia,2016-07,2016-07-01,2016,7,Jul,12005.0,1.071,11932,Yes,No,Yes,Strong El Nino,-0.31,1.05,1.71,25.4,26.3,258.52,247.93
Indonesia,2016-08,2016-08-01,2016,8,Aug,11342.0,1.616,11932,No,No,Yes,El Nino,-0.5,0.49,1.05,25.67,25.63,188.75,258.52
Indonesia,2016-09,2016-09-01,2016,9,Sep,9277.0,1.318,11932,No,No,No,Neutral,-0.58,0.0,0.49,25.57,25.4,307.41,188.75
Indonesia,2016-10,2016-10-01,2016,10,Oct,8855.0,1.209,11932,No,No,No,Neutral,-0.64,-0.31,0.0,25.58,25.67,373.81,307.41
Indonesia,2016-11,2016-11-01,2016,11,Nov,8669.0,0.797,11932,No,No,No,Neutral,-0.6,-0.5,-0.31,25.7,25.57,358.57,373.81
Indonesia,2016-12,2016-12-01,2016,12,Dec,6733.0,-0.204,11932,No,No,No,La Nina,-0.45,-0.58,-0.5,25.61,25.58,317.95,358.57
Indonesia,2017-01,2017-01-01,2017,1,Jan,12675.0,-0.474,11932,Yes,No,No,La Nina,-0.19,-0.64,-0.58,25.4,25.7,332.68,317.95
Indonesia,2017-02,2017-02-01,2017,2,Feb,8668.0,-0.709,11932,No,No,No,La Nina,-0.02,-0.6,-0.64,25.34,25.61,310.24,332.68
Indonesia,2017-03,2017-03-01,2017,3,Mar,7870.0,-0.738,11932,No,No,No,La Nina,0.18,-0.45,-0.6,25.41,25.4,339.84,310.24
Indonesia,2017-04,2017-04-01,2017,4,Apr,5888.0,-0.959,11932,No,No,No,Neutral,0.31,-0.19,-0.45,25.54,25.34,348.0,339.84
Indonesia,2017-05,2017-05-01,2017,5,May,5427.0,-0.919,11932,No,No,No,Neutral,0.4,-0.02,-0.19,25.82,25.41,326.99,348.0
Indonesia,2017-06,2017-06-01,2017,6,Jun,4190.0,-1.072,11932,No,No,No,Neutral,0.39,0.18,-0.02,25.34,25.54,276.29,326.99
Indonesia,2017-07,2017-07-01,2017,7,Jul,3836.0,-1.149,11932,No,No,No,Neutral,0.19,0.31,0.18,25.14,25.82,233.43,276.29
Indonesia,2017-08,2017-08-01,2017,8,Aug,3618.0,-1.008,11932,No,No,No,Neutral,-0.07,0.4,0.31,25.1,25.34,249.56,233.43
Indonesia,2017-09,2017-09-01,2017,9,Sep,3514.0,-1.068,11932,No,No,No,Neutral,-0.34,0.39,0.4,25.48,25.14,277.97,249.56
Indonesia,2017-10,2017-10-01,2017,10,Oct,4127.0,-0.98,11932,No,No,No,Neutral,-0.6,0.19,0.39,25.8,25.1,272.58,277.97
Indonesia,2017-11,2017-11-01,2017,11,Nov,4438.0,-1.182,11932,No,No,No,Neutral,-0.77,-0.07,0.19,25.56,25.48,388.97,272.58
Indonesia,2017-12,2017-12-01,2017,12,Dec,4113.0,-1.1,11932,No,No,No,Neutral,-0.86,-0.34,-0.07,25.56,25.8,306.99,388.97
Indonesia,2018-01,2018-01-01,2018,1,Jan,6168.0,-1.285,11932,No,No,No,Neutral,-0.77,-0.6,-0.34,25.34,25.56,300.23,306.99
Indonesia,2018-02,2018-02-01,2018,2,Feb,5061.0,-1.181,11932,No,No,No,La Nina,-0.71,-0.77,-0.6,25.37,25.56,279.46,300.23
Indonesia,2018-03,2018-03-01,2018,3,Mar,5212.0,-1.071,11932,No,No,No,La Nina,-0.57,-0.86,-0.77,25.41,25.34,343.49,279.46
Indonesia,2018-04,2018-04-01,2018,4,Apr,5420.0,-1.027,11932,No,No,No,La Nina,-0.39,-0.77,-0.86,25.69,25.37,316.19,343.49
Indonesia,2018-05,2018-05-01,2018,5,May,5554.0,-0.899,11932,No,No,No,La Nina,-0.13,-0.71,-0.77,25.69,25.41,289.15,316.19
Indonesia,2018-06,2018-06-01,2018,6,Jun,4685.0,-0.971,11932,No,No,No,La Nina,0.06,-0.57,-0.71,25.38,25.69,210.66,289.15
Indonesia,2018-07,2018-07-01,2018,7,Jul,5303.0,-0.75,11932,No,No,No,La Nina,0.14,-0.39,-0.57,25.18,25.69,171.0,210.66
Indonesia,2018-08,2018-08-01,2018,8,Aug,4795.0,-0.608,11932,No,No,No,Neutral,0.27,-0.13,-0.39,25.25,25.38,153.86,171.0
Indonesia,2018-09,2018-09-01,2018,9,Sep,4487.0,-0.665,11932,No,No,No,Neutral,0.53,0.06,-0.13,25.29,25.18,200.33,153.86
Indonesia,2018-10,2018-10-01,2018,10,Oct,5508.0,-0.341,11932,No,No,No,Neutral,0.81,0.14,0.06,25.64,25.25,275.79,200.33
Indonesia,2018-11,2018-11-01,2018,11,Nov,6873.0,-0.043,11932,No,No,No,Neutral,0.97,0.27,0.14,25.67,25.29,349.05,275.79
Indonesia,2018-12,2018-12-01,2018,12,Dec,6525.0,-0.275,11932,No,No,No,Neutral,0.92,0.53,0.27,25.62,25.64,319.95,349.05
Indonesia,2019-01,2019-01-01,2019,1,Jan,27444.0,1.368,11932,Yes,Yes,Yes,El Nino,0.89,0.81,0.53,25.52,25.67,303.97,319.95
Indonesia,2019-02,2019-02-01,2019,2,Feb,24017.0,1.299,11932,Yes,Yes,Yes,El Nino,0.86,0.97,0.81,25.55,25.62,289.41,303.97
Indonesia,2019-03,2019-03-01,2019,3,Mar,18109.0,0.542,11932,Yes,Yes,Yes,El Nino,0.84,0.92,0.97,25.66,25.52,300.55,289.41
Indonesia,2019-04,2019-04-01,2019,4,Apr,13642.0,0.161,11932,Yes,Yes,Yes,El Nino,0.77,0.89,0.92,25.92,25.55,332.96,300.55
Indonesia,2019-05,2019-05-01,2019,5,May,12555.0,0.192,11932,Yes,No,Yes,El Nino,0.64,0.86,0.89,25.95,25.66,227.37,332.96
Indonesia,2019-06,2019-06-01,2019,6,Jun,9514.0,0.016,11932,No,No,Yes,El Nino,0.52,0.84,0.86,25.38,25.92,256.52,227.37
Indonesia,2019-07,2019-07-01,2019,7,Jul,7738.0,-0.088,11932,No,No,Yes,El Nino,0.33,0.77,0.84,24.97,25.95,142.37,256.52
Indonesia,2019-08,2019-08-01,2019,8,Aug,5386.0,-0.407,11932,No,No,Yes,El Nino,0.19,0.64,0.77,25.2,25.38,123.48,142.37
Indonesia,2019-09,2019-09-01,2019,9,Sep,4154.0,-0.803,11932,No,No,Yes,El Nino,0.23,0.52,0.64,25.5,24.97,120.69,123.48
Indonesia,2019-10,2019-10-01,2019,10,Oct,4376.0,-0.865,11932,No,No,Yes,El Nino,0.39,0.33,0.52,25.59,25.2,250.98,120.69
Indonesia,2019-11,2019-11-01,2019,11,Nov,5425.0,-0.72,11932,No,No,No,Neutral,0.58,0.19,0.33,26.05,25.5,190.84,250.98
Indonesia,2019-12,2019-12-01,2019,12,Dec,5766.0,-0.535,11932,No,No,No,Neutral,0.66,0.23,0.19,25.76,25.59,330.28,190.84
Indonesia,2020-01,2020-01-01,2020,1,Jan,15950.0,-0.066,11932,Yes,No,No,Neutral,0.64,0.39,0.23,25.91,26.05,287.64,330.28
Indonesia,2020-02,2020-02-01,2020,2,Feb,19693.0,0.733,11932,Yes,No,No,Neutral,0.63,0.58,0.39,25.9,25.76,299.55,287.64
Indonesia,2020-03,2020-03-01,2020,3,Mar,19366.0,0.7,11932,Yes,Yes,Yes,El Nino,0.53,0.66,0.58,25.97,25.91,364.98,299.55
Indonesia,2020-04,2020-04-01,2020,4,Apr,13160.0,0.092,11932,Yes,Yes,Yes,El Nino,0.3,0.64,0.66,25.99,25.9,375.23,364.98
Indonesia,2020-05,2020-05-01,2020,5,May,10725.0,-0.093,11932,No,No,Yes,El Nino,0.01,0.63,0.64,26.21,25.97,314.52,375.23
Indonesia,2020-06,2020-06-01,2020,6,Jun,8106.0,-0.272,11932,No,No,Yes,El Nino,-0.23,0.53,0.63,25.47,25.99,264.96,314.52
Indonesia,2020-07,2020-07-01,2020,7,Jul,6329.0,-0.471,11932,No,No,Yes,El Nino,-0.36,0.3,0.53,25.07,26.21,264.62,264.96
Indonesia,2020-08,2020-08-01,2020,8,Aug,3833.0,-0.935,11932,No,No,No,Neutral,-0.53,0.01,0.3,25.48,25.47,194.64,264.62
Indonesia,2020-10,2020-10-01,2020,10,Oct,2419.0,-1.771,11932,No,No,No,Neutral,-1.12,-0.36,-0.23,25.63,25.48,302.25,294.74
Indonesia,2020-11,2020-11-01,2020,11,Nov,2963.0,-1.871,11932,No,No,No,Neutral,-1.2,-0.53,-0.36,25.68,25.42,333.73,302.25
Indonesia,2020-12,2020-12-01,2020,12,Dec,3016.0,-1.476,11932,No,No,No,La Nina,-1.08,-0.85,-0.53,25.5,25.63,316.3,333.73
Indonesia,2021-01,2021-01-01,2021,1,Jan,4567.0,-1.485,11932,No,No,No,La Nina,-0.91,-1.12,-0.85,25.22,25.68,343.25,316.3
Indonesia,2021-02,2021-02-01,2021,2,Feb,4472.0,-1.258,11932,No,No,No,La Nina,-0.79,-1.2,-1.12,25.52,25.5,225.64,343.25
Indonesia,2021-03,2021-03-01,2021,3,Mar,5712.0,-1.008,11932,No,No,No,La Nina,-0.71,-1.08,-1.2,25.4,25.22,374.3,225.64
Indonesia,2021-04,2021-04-01,2021,4,Apr,6211.0,-0.913,11932,No,No,No,La Nina,-0.55,-0.91,-1.08,25.65,25.52,255.54,374.3
Indonesia,2021-05,2021-05-01,2021,5,May,6677.0,-0.724,11932,No,No,No,La Nina,-0.39,-0.79,-0.91,25.88,25.4,292.03,255.54
Indonesia,2021-06,2021-06-01,2021,6,Jun,5444.0,-0.816,11932,No,No,No,La Nina,-0.3,-0.71,-0.79,25.45,25.65,231.02,292.03
Indonesia,2021-07,2021-07-01,2021,7,Jul,3422.0,-1.261,11932,No,No,No,La Nina,-0.35,-0.55,-0.71,25.34,25.88,220.06,231.02
Indonesia,2021-08,2021-08-01,2021,8,Aug,3414.0,-1.077,11932,No,No,No,La Nina,-0.45,-0.39,-0.55,25.19,25.45,288.77,220.06
Indonesia,2021-09,2021-09-01,2021,9,Sep,4057.0,-0.843,11932,No,No,No,Neutral,-0.63,-0.3,-0.39,25.31,25.34,318.77,288.77
Indonesia,2021-10,2021-10-01,2021,10,Oct,6092.0,-0.07,11932,No,No,No,Neutral,-0.76,-0.35,-0.3,25.89,25.19,272.48,318.77
Indonesia,2021-11,2021-11-01,2021,11,Nov,9899.0,1.373,11932,No,No,No,Neutral,-0.91,-0.45,-0.35,25.62,25.31,348.24,272.48
Indonesia,2021-12,2021-12-01,2021,12,Dec,13551.0,2.128,11932,Yes,No,No,Neutral,-0.87,-0.63,-0.45,25.59,25.89,335.68,348.24
Indonesia,2022-01,2022-01-01,2022,1,Jan,20486.0,0.5,11932,Yes,No,No,La Nina,-0.82,-0.76,-0.63,25.4,25.62,280.68,335.68
Indonesia,2022-02,2022-02-01,2022,2,Feb,11849.0,-0.293,11932,No,No,No,La Nina,-0.79,-0.91,-0.76,25.33,25.59,307.26,280.68
Indonesia,2022-03,2022-03-01,2022,3,Mar,10082.0,-0.462,11932,No,No,No,La Nina,-0.86,-0.87,-0.91,25.69,25.4,318.23,307.26
Indonesia,2022-04,2022-04-01,2022,4,Apr,10664.0,-0.269,11932,No,No,No,La Nina,-0.95,-0.82,-0.87,25.8,25.33,278.51,318.23
Indonesia,2022-05,2022-05-01,2022,5,May,12470.0,0.179,11932,Yes,No,No,La Nina,-0.9,-0.79,-0.82,25.95,25.69,278.27,278.51
Indonesia,2022-06,2022-06-01,2022,6,Jun,12762.0,0.679,11932,Yes,No,No,La Nina,-0.78,-0.86,-0.79,25.24,25.8,273.46,278.27
Indonesia,2022-07,2022-07-01,2022,7,Jul,13118.0,1.373,11932,Yes,No,No,La Nina,-0.76,-0.95,-0.86,25.21,25.95,265.75,273.46
Indonesia,2022-08,2022-08-01,2022,8,Aug,12348.0,1.958,11932,Yes,No,No,La Nina,-0.87,-0.9,-0.95,25.2,25.24,281.37,265.75
Indonesia,2022-09,2022-09-01,2022,9,Sep,10994.0,2.028,11932,No,No,No,La Nina,-0.97,-0.78,-0.9,25.35,25.21,275.26,281.37
Indonesia,2022-10,2022-10-01,2022,10,Oct,10135.0,1.802,11932,No,No,No,La Nina,-0.94,-0.76,-0.78,25.44,25.2,347.79,275.26
Indonesia,2022-11,2022-11-01,2022,11,Nov,9423.0,1.15,11932,No,No,No,La Nina,-0.85,-0.87,-0.76,25.49,25.35,349.49,347.79
Indonesia,2022-12,2022-12-01,2022,12,Dec,8935.0,0.549,11932,No,No,No,La Nina,-0.71,-0.97,-0.87,25.32,25.44,307.6,349.49
Indonesia,2023-01,2023-01-01,2023,1,Jan,12611.0,-0.482,11932,Yes,No,No,La Nina,-0.54,-0.94,-0.97,25.27,25.49,286.98,307.6
Indonesia,2023-02,2023-02-01,2023,2,Feb,10862.0,-0.422,11932,No,No,No,La Nina,-0.29,-0.85,-0.94,25.34,25.32,275.39,286.98
Indonesia,2023-03,2023-03-01,2023,3,Mar,10220.0,-0.444,11932,No,No,No,La Nina,-0.02,-0.71,-0.85,25.41,25.27,345.69,275.39
Indonesia,2023-04,2023-04-01,2023,4,Apr,8042.0,-0.648,11932,No,No,No,La Nina,0.27,-0.54,-0.71,25.84,25.34,271.64,345.69
Indonesia,2023-05,2023-05-01,2023,5,May,9447.0,-0.293,11932,No,No,No,La Nina,0.57,-0.29,-0.54,26.11,25.41,237.21,271.64
Indonesia,2023-06,2023-06-01,2023,6,Jun,8115.0,-0.27,11932,No,No,No,Neutral,0.84,-0.02,-0.29,25.76,25.84,203.13,237.21
Indonesia,2023-07,2023-07-01,2023,7,Jul,8052.0,-0.003,11932,No,No,No,Neutral,1.12,0.27,-0.02,25.44,26.11,196.61,203.13
Indonesia,2023-08,2023-08-01,2023,8,Aug,8719.0,0.725,11932,No,No,No,Neutral,1.37,0.57,0.27,25.51,25.76,157.32,196.61
Indonesia,2023-09,2023-09-01,2023,9,Sep,7946.0,0.767,11932,No,No,Yes,El Nino,1.6,0.84,0.57,25.7,25.44,175.49,157.32
Indonesia,2023-10,2023-10-01,2023,10,Oct,8339.0,0.97,11932,No,No,Yes,El Nino,1.83,1.12,0.84,26.34,25.51,181.07,175.49
Indonesia,2023-11,2023-11-01,2023,11,Nov,10082.0,1.458,11932,No,No,Yes,El Nino,1.99,1.37,1.12,26.26,25.7,290.0,181.07
Indonesia,2023-12,2023-12-01,2023,12,Dec,12285.0,1.695,11932,Yes,No,Yes,El Nino,2.06,1.6,1.37,26.1,26.34,333.33,290.0
Indonesia,2024-01,2024-01-01,2024,1,Jan,26945.0,1.305,11932,Yes,Yes,Yes,Strong El Nino,1.92,1.83,1.6,25.97,26.26,357.46,333.33
Indonesia,2024-02,2024-02-01,2024,2,Feb,28795.0,1.924,11932,Yes,Yes,Yes,Strong El Nino,1.62,1.99,1.83,26.19,26.1,300.12,357.46
Indonesia,2024-03,2024-03-01,2024,3,Mar,32049.0,2.286,11932,Yes,Yes,Yes,Strong El Nino,1.26,2.06,1.99,26.31,25.97,351.22,300.12
Indonesia,2024-04,2024-04-01,2024,4,Apr,29181.0,2.407,11932,Yes,Yes,Yes,Strong El Nino,0.82,1.92,2.06,26.5,26.19,362.92,351.22
Indonesia,2024-05,2024-05-01,2024,5,May,30192.0,2.941,11932,Yes,No,Yes,Strong El Nino,0.49,1.62,1.92,26.37,26.31,338.05,362.92
Indonesia,2024-06,2024-06-01,2024,6,Jun,23017.0,2.774,11932,Yes,No,Yes,Strong El Nino,0.22,1.26,1.62,25.73,26.5,263.92,338.05
Indonesia,2024-07,2024-07-01,2024,7,Jul,16494.0,2.291,11932,Yes,No,Yes,El Nino,0.08,0.82,1.26,25.58,26.37,169.49,263.92
Thailand,2010-01,2010-01-01,2010,1,Jan,1496.0,-0.272,4876,No,n/a,Yes,El Nino,1.5,1.01,0.71,24.61,24.79,53.84,13.82
Thailand,2010-02,2010-02-01,2010,2,Feb,1528.0,0.07,4876,No,n/a,Yes,El Nino,1.22,1.36,1.01,26.53,23.86,13.75,53.84
Thailand,2010-03,2010-03-01,2010,3,Mar,2020.0,0.364,4876,No,n/a,Yes,El Nino,0.84,1.56,1.36,27.88,24.61,19.95,13.75
Thailand,2010-04,2010-04-01,2010,4,Apr,1868.0,0.121,4876,No,n/a,Yes,Strong El Nino,0.35,1.5,1.56,29.98,26.53,58.95,19.95
Thailand,2010-05,2010-05-01,2010,5,May,3666.0,0.083,4876,No,n/a,Yes,Strong El Nino,-0.17,1.22,1.5,29.72,27.88,125.98,58.95
Thailand,2010-06,2010-06-01,2010,6,Jun,6631.0,0.027,4876,Yes,n/a,Yes,El Nino,-0.66,0.84,1.22,28.63,29.98,192.77,125.98
Thailand,2010-07,2010-07-01,2010,7,Jul,10037.0,0.372,4876,Yes,n/a,Yes,El Nino,-1.05,0.35,0.84,27.65,29.72,231.0,192.77
Thailand,2010-08,2010-08-01,2010,8,Aug,11299.0,0.919,4876,Yes,n/a,No,Neutral,-1.35,-0.17,0.35,26.78,28.63,323.27,231.0
Thailand,2010-09,2010-09-01,2010,9,Sep,7463.0,0.634,4876,Yes,n/a,No,Neutral,-1.56,-0.66,-0.17,26.96,27.65,252.9,323.27
Thailand,2010-10,2010-10-01,2010,10,Oct,3630.0,-0.091,4876,No,n/a,No,La Nina,-1.64,-1.05,-0.66,25.95,26.78,261.94,252.9
Thailand,2010-11,2010-11-01,2010,11,Nov,2229.0,-0.417,4876,No,n/a,No,La Nina,-1.64,-1.35,-1.05,24.71,26.96,73.94,261.94
Thailand,2010-12,2010-12-01,2010,12,Dec,1282.0,-0.498,4876,No,n/a,No,La Nina,-1.54,-1.56,-1.35,23.86,25.95,63.7,73.94
Thailand,2011-01,2011-01-01,2011,1,Jan,1125.0,-0.574,4876,No,n/a,No,Strong La Nina,-1.31,-1.64,-1.56,22.63,24.71,25.23,63.7
Thailand,2011-02,2011-02-01,2011,2,Feb,956.0,-0.567,4876,No,n/a,No,Strong La Nina,-1.04,-1.64,-1.64,25.23,23.86,26.71,25.23
Thailand,2011-03,2011-03-01,2011,3,Mar,973.0,-0.643,4876,No,n/a,No,Strong La Nina,-0.8,-1.54,-1.64,24.87,22.63,160.65,26.71
Thailand,2011-04,2011-04-01,2011,4,Apr,1315.0,-0.352,4876,No,n/a,No,Strong La Nina,-0.62,-1.31,-1.54,27.4,25.23,132.25,160.65
Thailand,2011-05,2011-05-01,2011,5,May,3501.0,0.007,4876,No,n/a,No,La Nina,-0.46,-1.04,-1.31,27.52,24.87,229.24,132.25
Thailand,2011-06,2011-06-01,2011,6,Jun,5337.0,-0.273,4876,Yes,n/a,No,La Nina,-0.37,-0.8,-1.04,27.38,27.4,220.89,229.24
Thailand,2011-07,2011-07-01,2011,7,Jul,5203.0,-0.56,4876,Yes,n/a,No,La Nina,-0.43,-0.62,-0.8,27.02,27.52,270.89,220.89
Thailand,2011-08,2011-08-01,2011,8,Aug,4352.0,-0.71,4876,No,n/a,No,La Nina,-0.58,-0.46,-0.62,26.67,27.38,290.09,270.89
Thailand,2011-09,2011-09-01,2011,9,Sep,2741.0,-0.763,4876,No,n/a,No,Neutral,-0.79,-0.37,-0.46,26.5,27.02,352.13,290.09
Thailand,2011-10,2011-10-01,2011,10,Oct,1696.0,-0.788,4876,No,n/a,No,Neutral,-0.96,-0.43,-0.37,25.97,26.67,169.45,352.13
Thailand,2011-11,2011-11-01,2011,11,Nov,1615.0,-0.597,4876,No,n/a,No,Neutral,-1.02,-0.58,-0.43,25.17,26.5,34.14,169.45
Thailand,2011-12,2011-12-01,2011,12,Dec,945.0,-0.711,4876,No,n/a,No,La Nina,-0.92,-0.79,-0.58,22.72,25.97,29.87,34.14
Thailand,2012-01,2012-01-01,2012,1,Jan,1050.0,-0.635,4876,No,n/a,No,La Nina,-0.72,-0.96,-0.79,24.17,25.17,60.69,29.87
Thailand,2012-02,2012-02-01,2012,2,Feb,892.0,-0.638,4876,No,n/a,No,La Nina,-0.57,-1.02,-0.96,25.89,22.72,30.1,60.69
Thailand,2012-03,2012-03-01,2012,3,Mar,1041.0,-0.577,4876,No,n/a,No,La Nina,-0.46,-0.92,-1.02,27.27,24.17,62.67,30.1
Thailand,2012-04,2012-04-01,2012,4,Apr,1356.0,-0.317,4876,No,n/a,No,La Nina,-0.36,-0.72,-0.92,28.4,25.89,94.51,62.67
Thailand,2012-05,2012-05-01,2012,5,May,3002.0,-0.223,4876,No,n/a,No,La Nina,-0.17,-0.57,-0.72,27.91,27.27,221.21,94.51
Thailand,2012-06,2012-06-01,2012,6,Jun,4075.0,-0.565,4876,No,n/a,No,La Nina,0.06,-0.46,-0.57,27.5,28.4,167.09,221.21
Thailand,2012-07,2012-07-01,2012,7,Jul,3492.0,-0.89,4876,No,n/a,No,Neutral,0.3,-0.36,-0.46,26.92,27.91,219.89,167.09
Thailand,2012-08,2012-08-01,2012,8,Aug,3365.0,-0.941,4876,No,n/a,No,Neutral,0.41,-0.17,-0.36,26.81,27.5,234.8,219.89
Thailand,2012-09,2012-09-01,2012,9,Sep,2171.0,-0.932,4876,No,n/a,No,Neutral,0.41,0.06,-0.17,26.71,26.92,295.26,234.8
Thailand,2012-10,2012-10-01,2012,10,Oct,1907.0,-0.712,4876,No,n/a,No,Neutral,0.31,0.3,0.06,26.7,26.81,113.01,295.26
Thailand,2012-11,2012-11-01,2012,11,Nov,1825.0,-0.535,4876,No,n/a,No,Neutral,0.13,0.41,0.3,26.56,26.71,95.53,113.01
Thailand,2012-12,2012-12-01,2012,12,Dec,1140.0,-0.588,4876,No,n/a,No,Neutral,-0.1,0.41,0.41,25.08,26.7,35.52,95.53
Thailand,2013-01,2013-01-01,2013,1,Jan,3781.0,1.586,4876,No,n/a,No,Neutral,-0.29,0.31,0.41,23.9,26.56,28.03,35.52
Thailand,2013-02,2013-02-01,2013,2,Feb,2918.0,1.617,4876,No,n/a,No,Neutral,-0.29,0.13,0.31,26.53,25.08,26.02,28.03
Thailand,2013-03,2013-03-01,2013,3,Mar,3783.0,2.06,4876,No,n/a,No,Neutral,-0.21,-0.1,0.13,27.82,23.9,32.68,26.02
Thailand,2013-04,2013-04-01,2013,4,Apr,4723.0,2.568,4876,No,n/a,No,Neutral,-0.19,-0.29,-0.1,29.19,26.53,89.93,32.68
Thailand,2013-05,2013-05-01,2013,5,May,8784.0,2.443,4876,Yes,n/a,No,Neutral,-0.27,-0.29,-0.29,28.67,27.82,151.08,89.93
Thailand,2013-06,2013-06-01,2013,6,Jun,16663.0,2.347,4876,Yes,n/a,No,Neutral,-0.34,-0.21,-0.29,27.62,29.19,215.42,151.08
Thailand,2013-07,2013-07-01,2013,7,Jul,18947.0,2.09,4876,Yes,n/a,No,Neutral,-0.35,-0.19,-0.21,26.88,28.67,283.63,215.42
Thailand,2013-08,2013-08-01,2013,8,Aug,13555.0,1.447,4876,Yes,n/a,No,Neutral,-0.28,-0.27,-0.19,26.81,27.62,231.78,283.63
Thailand,2013-09,2013-09-01,2013,9,Sep,6972.0,0.489,4876,Yes,n/a,No,Neutral,-0.21,-0.34,-0.27,26.5,26.88,343.69,231.78
Thailand,2013-10,2013-10-01,2013,10,Oct,3653.0,-0.083,4876,No,n/a,No,Neutral,-0.13,-0.35,-0.34,25.9,26.81,165.52,343.69
Thailand,2013-11,2013-11-01,2013,11,Nov,2574.0,-0.316,4876,No,n/a,No,Neutral,-0.1,-0.28,-0.35,25.56,26.5,83.71,165.52
Thailand,2013-12,2013-12-01,2013,12,Dec,1149.0,-0.582,4876,No,n/a,No,Neutral,-0.15,-0.21,-0.28,21.11,25.9,35.05,83.71
Thailand,2014-01,2014-01-01,2014,1,Jan,887.0,-0.767,4876,No,n/a,No,Neutral,-0.28,-0.13,-0.21,21.57,25.56,4.31,35.05
Thailand,2014-02,2014-02-01,2014,2,Feb,856.0,-0.678,4876,No,n/a,No,Neutral,-0.32,-0.1,-0.13,25.02,21.11,5.78,4.31
Thailand,2014-03,2014-03-01,2014,3,Mar,1010.0,-0.607,4876,No,n/a,No,Neutral,-0.14,-0.15,-0.1,27.85,21.57,22.84,5.78
Thailand,2014-04,2014-04-01,2014,4,Apr,770.0,-0.819,4876,No,n/a,No,Neutral,0.15,-0.28,-0.15,28.71,25.02,99.77,22.84
Thailand,2014-05,2014-05-01,2014,5,May,1436.0,-0.945,4876,No,n/a,No,Neutral,0.31,-0.32,-0.28,28.82,27.85,146.1,99.77
Thailand,2014-06,2014-06-01,2014,6,Jun,2637.0,-0.897,4876,No,n/a,No,Neutral,0.23,-0.14,-0.32,28.06,28.71,205.91,146.1
Thailand,2014-07,2014-07-01,2014,7,Jul,3552.0,-0.879,4876,No,n/a,No,Neutral,0.1,0.15,-0.14,27.35,28.82,259.87,205.91
Thailand,2014-08,2014-08-01,2014,8,Aug,3365.0,-0.941,4876,No,n/a,No,Neutral,0.11,0.31,0.15,26.92,28.06,266.02,259.87
Thailand,2014-09,2014-09-01,2014,9,Sep,2697.0,-0.776,4876,No,n/a,No,Neutral,0.28,0.23,0.31,26.95,27.35,222.57,266.02
Thailand,2014-10,2014-10-01,2014,10,Oct,2292.0,-0.573,4876,No,n/a,No,Neutral,0.54,0.1,0.23,26.36,26.92,147.19,222.57
Thailand,2014-11,2014-11-01,2014,11,Nov,2237.0,-0.415,4876,No,n/a,No,Neutral,0.71,0.11,0.1,25.83,26.95,76.11,147.19
Thailand,2014-12,2014-12-01,2014,12,Dec,1431.0,-0.404,4876,No,n/a,No,Neutral,0.77,0.28,0.11,23.56,26.36,37.68,76.11
Thailand,2015-01,2015-01-01,2015,1,Jan,1367.0,-0.377,4876,No,n/a,No,Neutral,0.69,0.54,0.28,22.53,25.83,30.36,37.68
Thailand,2015-02,2015-02-01,2015,2,Feb,1160.0,-0.339,4876,No,n/a,Yes,El Nino,0.61,0.71,0.54,24.89,23.56,18.18,30.36
Thailand,2015-03,2015-03-01,2015,3,Mar,1511.0,-0.125,4876,No,n/a,Yes,El Nino,0.65,0.77,0.71,27.89,22.53,40.82,18.18
Thailand,2015-04,2015-04-01,2015,4,Apr,1939.0,0.182,4876,No,n/a,Yes,El Nino,0.81,0.69,0.77,28.56,24.89,78.97,40.82
Thailand,2015-05,2015-05-01,2015,5,May,4645.0,0.535,4876,No,n/a,Yes,El Nino,1.02,0.61,0.69,29.27,27.89,117.0,78.97
Thailand,2015-06,2015-06-01,2015,6,Jun,7937.0,0.329,4876,Yes,n/a,Yes,El Nino,1.25,0.65,0.61,28.59,28.56,169.54,117.0
Thailand,2015-07,2015-07-01,2015,7,Jul,11068.0,0.57,4876,Yes,n/a,Yes,El Nino,1.57,0.81,0.65,27.59,29.27,279.16,169.54
Thailand,2015-08,2015-08-01,2015,8,Aug,13461.0,1.425,4876,Yes,n/a,Yes,El Nino,1.91,1.02,0.81,27.36,28.59,238.3,279.16
Thailand,2015-09,2015-09-01,2015,9,Sep,12922.0,2.249,4876,Yes,n/a,Yes,El Nino,2.21,1.25,1.02,27.22,27.59,241.58,238.3
Thailand,2015-10,2015-10-01,2015,10,Oct,10660.0,2.442,4876,Yes,n/a,Yes,El Nino,2.47,1.57,1.25,26.48,27.36,162.87,241.58
Thailand,2015-11,2015-11-01,2015,11,Nov,13731.0,2.947,4876,Yes,n/a,Yes,Strong El Nino,2.64,1.91,1.57,26.5,27.22,73.46,162.87
Thailand,2015-12,2015-12-01,2015,12,Dec,6252.0,2.64,4876,Yes,n/a,Yes,Strong El Nino,2.75,2.21,1.91,24.89,26.48,35.0,73.46
Thailand,2016-01,2016-01-01,2016,1,Jan,4057.0,1.81,4876,No,n/a,Yes,Strong El Nino,2.63,2.47,2.21,23.87,26.5,38.4,35.0
Thailand,2016-02,2016-02-01,2016,2,Feb,2505.0,1.157,4876,No,n/a,Yes,Strong El Nino,2.28,2.64,2.47,24.26,24.89,10.9,38.4
Thailand,2016-03,2016-03-01,2016,3,Mar,2347.0,0.679,4876,No,n/a,Yes,Strong El Nino,1.71,2.75,2.64,28.32,23.87,10.6,10.9
Thailand,2016-04,2016-04-01,2016,4,Apr,1307.0,-0.359,4876,No,n/a,Yes,Strong El Nino,1.05,2.63,2.75,30.92,24.26,20.34,10.6
Thailand,2016-05,2016-05-01,2016,5,May,1230.0,-1.04,4876,No,n/a,Yes,Strong El Nino,0.49,2.28,2.63,29.66,28.32,159.73,20.34
Thailand,2016-06,2016-06-01,2016,6,Jun,2503.0,-0.928,4876,No,n/a,Yes,Strong El Nino,0.0,1.71,2.28,27.95,30.92,226.27,159.73
Thailand,2016-07,2016-07-01,2016,7,Jul,4991.0,-0.601,4876,Yes,n/a,Yes,Strong El Nino,-0.31,1.05,1.71,27.21,29.66,239.8,226.27
Thailand,2016-08,2016-08-01,2016,8,Aug,6676.0,-0.165,4876,Yes,n/a,Yes,El Nino,-0.5,0.49,1.05,27.4,27.95,254.33,239.8
Thailand,2016-09,2016-09-01,2016,9,Sep,5012.0,-0.091,4876,Yes,n/a,No,Neutral,-0.58,0.0,0.49,26.95,27.21,282.9,254.33
Thailand,2016-10,2016-10-01,2016,10,Oct,3498.0,-0.138,4876,No,n/a,No,Neutral,-0.64,-0.31,0.0,26.86,27.4,194.48,282.9
Thailand,2016-11,2016-11-01,2016,11,Nov,2627.0,-0.301,4876,No,n/a,No,Neutral,-0.6,-0.5,-0.31,25.97,26.95,95.23,194.48
Thailand,2016-12,2016-12-01,2016,12,Dec,1713.0,-0.226,4876,No,n/a,No,La Nina,-0.45,-0.58,-0.5,24.16,26.86,68.43,95.23
Thailand,2017-01,2017-01-01,2017,1,Jan,1598.0,-0.189,4876,No,n/a,No,La Nina,-0.19,-0.64,-0.58,24.52,25.97,82.57,68.43
Thailand,2017-02,2017-02-01,2017,2,Feb,1229.0,-0.263,4876,No,n/a,No,La Nina,-0.02,-0.6,-0.64,24.99,24.16,14.18,82.57
Thailand,2017-03,2017-03-01,2017,3,Mar,1104.0,-0.517,4876,No,n/a,No,La Nina,0.18,-0.45,-0.6,27.54,24.52,70.05,14.18
Thailand,2017-04,2017-04-01,2017,4,Apr,1174.0,-0.473,4876,No,n/a,No,Neutral,0.31,-0.19,-0.45,28.34,24.99,104.33,70.05
Thailand,2017-05,2017-05-01,2017,5,May,2230.0,-0.579,4876,No,n/a,No,Neutral,0.4,-0.02,-0.19,28.0,27.54,264.1,104.33
Thailand,2017-06,2017-06-01,2017,6,Jun,4411.0,-0.487,4876,No,n/a,No,Neutral,0.39,0.18,-0.02,27.81,28.34,194.63,264.1
Thailand,2017-07,2017-07-01,2017,7,Jul,5368.0,-0.529,4876,Yes,n/a,No,Neutral,0.19,0.31,0.18,26.88,28.0,320.42,194.63
Thailand,2017-08,2017-08-01,2017,8,Aug,4812.0,-0.602,4876,No,n/a,No,Neutral,-0.07,0.4,0.31,27.33,27.81,255.86,320.42
Thailand,2017-09,2017-09-01,2017,9,Sep,3179.0,-0.634,4876,No,n/a,No,Neutral,-0.34,0.39,0.4,27.4,26.88,233.32,255.86
Thailand,2017-10,2017-10-01,2017,10,Oct,2484.0,-0.504,4876,No,n/a,No,Neutral,-0.6,0.19,0.39,26.51,27.33,212.72,233.32
Thailand,2017-11,2017-11-01,2017,11,Nov,2512.0,-0.334,4876,No,n/a,No,Neutral,-0.77,-0.07,0.19,25.52,27.4,102.56,212.72
Thailand,2017-12,2017-12-01,2017,12,Dec,1742.0,-0.208,4876,No,n/a,No,Neutral,-0.86,-0.34,-0.07,23.31,26.51,47.01,102.56
Thailand,2018-01,2018-01-01,2018,1,Jan,1272.0,-0.454,4876,No,n/a,No,Neutral,-0.77,-0.6,-0.34,24.18,25.52,47.37,47.01
Thailand,2018-02,2018-02-01,2018,2,Feb,1183.0,-0.314,4876,No,n/a,No,La Nina,-0.71,-0.77,-0.6,24.65,23.31,27.94,47.37
Thailand,2018-03,2018-03-01,2018,3,Mar,1544.0,-0.094,4876,No,n/a,No,La Nina,-0.57,-0.86,-0.77,26.95,24.18,44.71,27.94
Thailand,2018-04,2018-04-01,2018,4,Apr,1790.0,0.055,4876,No,n/a,No,La Nina,-0.39,-0.77,-0.86,27.64,24.65,122.42,44.71
Thailand,2018-05,2018-05-01,2018,5,May,4532.0,0.483,4876,No,n/a,No,La Nina,-0.13,-0.71,-0.77,27.74,26.95,202.93,122.42
Thailand,2018-06,2018-06-01,2018,6,Jun,8765.0,0.52,4876,Yes,n/a,No,La Nina,0.06,-0.57,-0.71,27.55,27.64,230.08,202.93
Thailand,2018-07,2018-07-01,2018,7,Jul,9257.0,0.221,4876,Yes,n/a,No,La Nina,0.14,-0.39,-0.57,27.08,27.74,315.68,230.08
Thailand,2018-08,2018-08-01,2018,8,Aug,7976.0,0.14,4876,Yes,n/a,No,Neutral,0.27,-0.13,-0.39,26.78,27.55,288.19,315.68
Thailand,2018-09,2018-09-01,2018,9,Sep,5936.0,0.182,4876,Yes,n/a,No,Neutral,0.53,0.06,-0.13,27.13,27.08,215.56,288.19
Thailand,2018-10,2018-10-01,2018,10,Oct,4712.0,0.299,4876,No,n/a,No,Neutral,0.81,0.14,0.06,26.84,26.78,135.33,215.56
Thailand,2018-11,2018-11-01,2018,11,Nov,4493.0,0.245,4876,No,n/a,No,Neutral,0.97,0.27,0.14,25.89,27.13,63.11,135.33
Thailand,2018-12,2018-12-01,2018,12,Dec,3616.0,0.975,4876,No,n/a,No,Neutral,0.92,0.53,0.27,25.12,26.84,56.97,63.11
Thailand,2019-01,2019-01-01,2019,1,Jan,3583.0,1.425,4876,No,n/a,Yes,El Nino,0.89,0.81,0.53,24.6,25.89,41.04,56.97
Thailand,2019-02,2019-02-01,2019,2,Feb,3195.0,1.925,4876,No,n/a,Yes,El Nino,0.86,0.97,0.81,26.79,25.12,15.62,41.04
Thailand,2019-03,2019-03-01,2019,3,Mar,3480.0,1.768,4876,No,n/a,Yes,El Nino,0.84,0.92,0.97,28.33,24.6,25.07,15.62
Thailand,2019-04,2019-04-01,2019,4,Apr,3175.0,1.241,4876,No,n/a,Yes,El Nino,0.77,0.89,0.92,30.08,26.79,50.28,25.07
Thailand,2019-05,2019-05-01,2019,5,May,5527.0,0.941,4876,Yes,n/a,Yes,El Nino,0.64,0.86,0.89,29.16,28.33,170.35,50.28
Thailand,2019-06,2019-06-01,2019,6,Jun,12892.0,1.475,4876,Yes,n/a,Yes,El Nino,0.52,0.84,0.86,28.52,30.08,172.45,170.35
Thailand,2019-07,2019-07-01,2019,7,Jul,15525.0,1.43,4876,Yes,n/a,Yes,El Nino,0.33,0.77,0.84,27.9,29.16,179.74,172.45
Thailand,2019-08,2019-08-01,2019,8,Aug,12464.0,1.192,4876,Yes,n/a,Yes,El Nino,0.19,0.64,0.77,27.03,28.52,385.81,179.74
Thailand,2019-09,2019-09-01,2019,9,Sep,9768.0,1.316,4876,Yes,n/a,Yes,El Nino,0.23,0.52,0.64,26.92,27.9,221.75,385.81
Thailand,2019-10,2019-10-01,2019,10,Oct,8391.0,1.624,4876,Yes,n/a,Yes,El Nino,0.39,0.33,0.52,27.07,27.03,105.09,221.75
Thailand,2019-11,2019-11-01,2019,11,Nov,6842.0,0.932,4876,Yes,n/a,No,Neutral,0.58,0.19,0.33,25.58,26.92,45.89,105.09
Thailand,2019-12,2019-12-01,2019,12,Dec,3024.0,0.602,4876,No,n/a,No,Neutral,0.66,0.23,0.19,23.36,27.07,13.67,45.89
Thailand,2020-01,2020-01-01,2020,1,Jan,2444.0,0.499,4876,No,n/a,No,Neutral,0.64,0.39,0.23,25.15,25.58,6.74,13.67
Thailand,2020-02,2020-02-01,2020,2,Feb,1782.0,0.353,4876,No,n/a,No,Neutral,0.63,0.58,0.39,25.86,23.36,8.53,6.74
Thailand,2020-03,2020-03-01,2020,3,Mar,1618.0,-0.022,4876,No,n/a,Yes,El Nino,0.53,0.66,0.58,28.62,25.15,25.13,8.53
Thailand,2020-04,2020-04-01,2020,4,Apr,2140.0,0.355,4876,No,n/a,Yes,El Nino,0.3,0.64,0.66,29.12,25.86,72.52,25.13
Thailand,2020-05,2020-05-01,2020,5,May,4190.0,0.325,4876,No,n/a,Yes,El Nino,0.01,0.63,0.64,29.74,28.62,114.56,72.52
Thailand,2020-06,2020-06-01,2020,6,Jun,6690.0,0.04,4876,Yes,n/a,Yes,El Nino,-0.23,0.53,0.63,28.25,29.12,192.95,114.56
Thailand,2020-07,2020-07-01,2020,7,Jul,11315.0,0.618,4876,Yes,n/a,Yes,El Nino,-0.36,0.3,0.53,28.1,29.74,182.94,192.95
Thailand,2020-08,2020-08-01,2020,8,Aug,9027.0,0.386,4876,Yes,n/a,No,Neutral,-0.53,0.01,0.3,27.26,28.25,261.84,182.94
Thailand,2020-09,2020-09-01,2020,9,Sep,5604.0,0.084,4876,Yes,n/a,No,Neutral,-0.85,-0.23,0.01,27.39,28.1,281.56,261.84
Thailand,2020-10,2020-10-01,2020,10,Oct,2929.0,-0.343,4876,No,n/a,No,Neutral,-1.12,-0.36,-0.23,25.58,27.26,271.68,281.56
Thailand,2020-11,2020-11-01,2020,11,Nov,2036.0,-0.474,4876,No,n/a,No,Neutral,-1.2,-0.53,-0.36,25.57,27.39,52.7,271.68
Thailand,2020-12,2020-12-01,2020,12,Dec,1136.0,-0.59,4876,No,n/a,No,La Nina,-1.08,-0.85,-0.53,23.53,25.58,35.53,52.7
Thailand,2021-01,2021-01-01,2021,1,Jan,763.0,-0.868,4876,No,n/a,No,La Nina,-0.91,-1.12,-0.85,22.64,25.57,9.41,35.53
Thailand,2021-02,2021-02-01,2021,2,Feb,551.0,-1.017,4876,No,n/a,No,La Nina,-0.79,-1.2,-1.12,25.12,23.53,14.41,9.41
Thailand,2021-03,2021-03-01,2021,3,Mar,546.0,-1.053,4876,No,n/a,No,La Nina,-0.71,-1.08,-1.2,28.18,22.64,29.34,14.41
Thailand,2021-04,2021-04-01,2021,4,Apr,333.0,-1.194,4876,No,n/a,No,La Nina,-0.55,-0.91,-1.08,27.73,25.12,194.0,29.34
Thailand,2021-05,2021-05-01,2021,5,May,821.0,-1.229,4876,No,n/a,No,La Nina,-0.39,-0.79,-0.91,28.78,28.18,139.18,194.0
Thailand,2021-06,2021-06-01,2021,6,Jun,1208.0,-1.228,4876,No,n/a,No,La Nina,-0.3,-0.71,-0.79,28.09,27.73,178.49,139.18
Thailand,2021-07,2021-07-01,2021,7,Jul,792.0,-1.411,4876,No,n/a,No,La Nina,-0.35,-0.55,-0.71,27.51,28.78,267.37,178.49
Thailand,2021-08,2021-08-01,2021,8,Aug,737.0,-1.557,4876,No,n/a,No,La Nina,-0.45,-0.39,-0.55,27.57,28.09,218.26,267.37
Thailand,2021-09,2021-09-01,2021,9,Sep,625.0,-1.389,4876,No,n/a,No,Neutral,-0.63,-0.3,-0.39,26.68,27.51,337.55,218.26
Thailand,2021-10,2021-10-01,2021,10,Oct,544.0,-1.203,4876,No,n/a,No,Neutral,-0.76,-0.35,-0.3,26.46,27.57,226.41,337.55
Thailand,2021-11,2021-11-01,2021,11,Nov,523.0,-0.916,4876,No,n/a,No,Neutral,-0.91,-0.45,-0.35,25.73,26.68,100.47,226.41
Thailand,2021-12,2021-12-01,2021,12,Dec,335.0,-1.096,4876,No,n/a,No,Neutral,-0.87,-0.63,-0.45,23.22,26.46,20.38,100.47
Thailand,2022-01,2022-01-01,2022,1,Jan,376.0,-1.183,4876,No,n/a,No,La Nina,-0.82,-0.76,-0.63,24.37,25.73,15.48,20.38
Thailand,2022-02,2022-02-01,2022,2,Feb,291.0,-1.307,4876,No,n/a,No,La Nina,-0.79,-0.91,-0.76,24.85,23.22,82.63,15.48
Thailand,2022-03,2022-03-01,2022,3,Mar,359.0,-1.233,4876,No,n/a,No,La Nina,-0.86,-0.87,-0.91,27.83,24.37,95.0,82.63
Thailand,2022-04,2022-04-01,2022,4,Apr,552.0,-1.006,4876,No,n/a,No,La Nina,-0.95,-0.82,-0.87,27.8,24.85,85.75,95.0
Thailand,2022-05,2022-05-01,2022,5,May,1750.0,-0.8,4876,No,n/a,No,La Nina,-0.9,-0.79,-0.82,27.27,27.83,250.62,85.75
Thailand,2022-06,2022-06-01,2022,6,Jun,4960.0,-0.36,4876,Yes,n/a,No,La Nina,-0.78,-0.86,-0.79,27.97,27.8,145.86,250.62
Thailand,2022-07,2022-07-01,2022,7,Jul,5878.0,-0.43,4876,Yes,n/a,No,La Nina,-0.76,-0.95,-0.86,27.57,27.27,262.79,145.86
Thailand,2022-08,2022-08-01,2022,8,Aug,4848.0,-0.593,4876,No,n/a,No,La Nina,-0.87,-0.9,-0.95,27.08,27.97,267.83,262.79
Thailand,2022-09,2022-09-01,2022,9,Sep,4082.0,-0.367,4876,No,n/a,No,La Nina,-0.97,-0.78,-0.9,26.62,27.57,326.86,267.83
Thailand,2022-10,2022-10-01,2022,10,Oct,4075.0,0.069,4876,No,n/a,No,La Nina,-0.94,-0.76,-0.78,25.89,27.08,172.51,326.86
Thailand,2022-11,2022-11-01,2022,11,Nov,4273.0,0.181,4876,No,n/a,No,La Nina,-0.85,-0.87,-0.76,25.92,26.62,99.08,172.51
Thailand,2022-12,2022-12-01,2022,12,Dec,3161.0,0.688,4876,No,n/a,No,La Nina,-0.71,-0.97,-0.87,23.4,25.89,53.92,99.08
