province,ratio_nino_vs_other,n_months_nino,direction
Sulawesi Tenggara,3.53,51,Higher during El Nino
Bali,2.88,51,Higher during El Nino
Kalimantan Selatan,2.65,51,Higher during El Nino
Papua,2.57,50,Higher during El Nino
Kalimantan Tengah,2.56,51,Higher during El Nino
Maluku Utara,2.5,51,Higher during El Nino
Gorontalo,2.47,51,Higher during El Nino
Jawa Timur,2.45,51,Higher during El Nino
Maluku,2.44,51,Higher during El Nino
Daerah Istimewa Yogyakarta,2.36,51,Higher during El Nino
Banten,2.22,51,Higher during El Nino
Kalimantan Timur,2.15,51,Higher during El Nino
Papua Barat,2.07,49,Higher during El Nino
Sulawesi Barat,2.06,51,Higher during El Nino
Dki Jakarta,2.01,51,Higher during El Nino
Nusa Tenggara Timur,2.0,51,Higher during El Nino
Bengkulu,1.99,51,Higher during El Nino
Sulawesi Utara,1.98,51,Higher during El Nino
Jawa Barat,1.92,51,Higher during El Nino
Jawa Tengah,1.87,51,Higher during El Nino
Sulawesi Selatan,1.81,51,Higher during El Nino
Nusa Tenggara Barat,1.73,51,Higher during El Nino
Kalimantan Utara,1.72,44,Higher during El Nino
Sumatera Selatan,1.71,51,Higher during El Nino
Lampung,1.62,51,Higher during El Nino
Riau,1.49,51,Higher during El Nino
Kalimantan Barat,1.43,51,Higher during El Nino
Sulawesi Tengah,1.4,51,Higher during El Nino
Jambi,1.37,51,Higher during El Nino
Bangka Belitung,1.27,51,Higher during El Nino
Sumatera Barat,1.23,51,Higher during El Nino
Sumatera Utara,1.22,51,Higher during El Nino
Kepulauan Riau,1.14,51,Higher during El Nino
Aceh,0.99,51,Not higher
