province,2018,2019,2020,mean,peak_month
BALI,21.0,114.1,267.9,134.3,May
KALIMANTAN UTARA,25.2,255.0,64.2,114.8,Dec
KALIMANTAN TIMUR,89.7,185.7,60.2,111.9,Jan
GORONTALO,69.7,103.8,78.4,84.0,Feb
BENGKULU,72.8,75.0,61.3,69.7,Feb
KEPULAUAN RIAU,55.4,83.2,69.0,69.2,Jan
SULAWESI UTARA,65.0,95.5,46.6,69.0,Jan
NUSA TENGGARA TIMUR,24.9,74.7,107.1,68.9,Feb
BANGKA BELITUNG,53.1,69.7,74.6,65.8,Jan
DAERAH ISTIMEWA YOGYAKARTA,14.3,85.3,90.6,63.4,Jan
LAMPUNG,34.3,66.3,73.0,57.9,Jan
KALIMANTAN TENGAH,85.9,61.0,24.6,57.2,Jan
NUSA TENGGARA BARAT,10.5,57.7,89.0,52.4,Jan
DKI JAKARTA,28.4,82.9,44.4,51.9,Apr
KALIMANTAN SELATAN,48.1,56.5,41.2,48.6,Jan
SULAWESI BARAT,39.7,58.6,45.4,47.9,Jan
MALUKU UTARA,9.0,96.7,32.8,46.2,Jan
JAMBI,20.4,60.5,56.0,45.6,Jan
SULAWESI TENGAH,35.5,64.0,36.3,45.3,Feb
KALIMANTAN BARAT,62.1,55.5,15.0,44.2,Nov
RIAU,13.7,60.4,41.7,38.6,Nov
SULAWESI TENGGARA,23.8,55.5,33.0,37.4,Feb
SUMATERA UTARA,38.8,52.9,20.0,37.2,Oct
JAWA BARAT,18.0,47.9,44.1,36.7,Jan
SUMATERA BARAT,40.7,41.3,19.5,33.8,Jan
SULAWESI SELATAN,24.2,37.0,30.0,30.4,Jan
ACEH,29.2,44.9,15.9,30.0,Nov
JAWA TIMUR,21.4,46.3,20.9,29.5,Jan
SUMATERA SELATAN,28.6,32.9,26.8,29.4,Jan
PAPUA BARAT,24.2,36.7,16.1,25.7,Feb
BANTEN,8.2,22.9,22.2,17.8,Jan
JAWA TENGAH,9.1,26.4,15.9,17.1,Jan
MALUKU,18.1,13.3,4.2,11.9,Feb
PAPUA,5.5,17.4,5.1,9.3,Jan
