country,month,month_name,mean_cases,mean_rain_mm,mean_temp_c,complete_years_window
Indonesia,1,Jan,15099,307.1,25.27,2010-2023 (n=11)
Indonesia,2,Feb,12922,281.6,25.37,2010-2023 (n=11)
Indonesia,3,Mar,11063,328.2,25.5,2010-2023 (n=11)
Indonesia,4,Apr,9889,313.7,25.69,2010-2023 (n=11)
Indonesia,5,May,9551,279.2,25.82,2010-2023 (n=11)
Indonesia,6,Jun,8252,236.9,25.44,2010-2023 (n=11)
Indonesia,7,Jul,7427,211.5,25.1,2010-2023 (n=11)
Indonesia,8,Aug,6603,210.0,25.1,2010-2023 (n=11)
Indonesia,9,Sep,6003,218.4,25.36,2010-2023 (n=11)
Indonesia,10,Oct,6482,253.1,25.71,2010-2023 (n=11)
Indonesia,11,Nov,7286,327.3,25.64,2010-2023 (n=11)
Indonesia,12,Dec,7830,340.6,25.51,2010-2023 (n=11)
Thailand,1,Jan,1831,34.1,23.75,2010-2022 (n=13)
Thailand,2,Feb,1465,22.7,25.43,2010-2022 (n=13)
Thailand,3,Mar,1641,49.2,27.64,2010-2022 (n=13)
Thailand,4,Apr,1726,92.6,28.76,2010-2022 (n=13)
Thailand,5,May,3486,176.3,28.64,2010-2022 (n=13)
Thailand,6,Jun,6516,193.3,27.99,2010-2022 (n=13)
Thailand,7,Jul,8110,254.9,27.36,2010-2022 (n=13)
Thailand,8,Aug,7380,270.5,27.06,2010-2022 (n=13)
Thailand,9,Sep,5321,277.5,26.92,2010-2022 (n=13)
Thailand,10,Oct,3882,179.9,26.35,2010-2022 (n=13)
Thailand,11,Nov,3655,76.6,25.73,2010-2022 (n=13)
Thailand,12,Dec,2071,41.0,23.64,2010-2022 (n=13)
