iso3,predictor,lag,r,n_months,lag_label
IDN,Temperature,0,0.483911654748364,172,L00
IDN,Temperature,1,0.5332518109166093,171,L01
IDN,Temperature,2,0.557324771838981,170,L02
IDN,Temperature,3,0.571172402186477,169,L03
IDN,Temperature,4,0.5483151886299404,168,L04
IDN,Temperature,5,0.4730885578278055,167,L05
IDN,Temperature,6,0.4269115567835065,166,L06
IDN,Temperature,7,0.3361781486663228,165,L07
IDN,Temperature,8,0.2240918713366194,164,L08
IDN,Rainfall,0,0.2545224559471317,172,L00
IDN,Rainfall,1,0.2449340768954035,171,L01
IDN,Rainfall,2,0.1917200166886683,170,L02
IDN,Rainfall,3,0.0549192499895602,169,L03
IDN,Rainfall,4,-0.0695620839669677,168,L04
IDN,Rainfall,5,-0.1911832313734445,167,L05
IDN,Rainfall,6,-0.3177026212140194,166,L06
IDN,Rainfall,7,-0.421659245075132,165,L07
IDN,Rainfall,8,-0.4243048286767114,164,L08
IDN,ONI,0,0.2841271693616089,172,L00
IDN,ONI,1,0.3688274758249497,171,L01
IDN,ONI,2,0.447989894578724,170,L02
IDN,ONI,3,0.5147194981694867,169,L03
IDN,ONI,4,0.5588547649536676,168,L04
IDN,ONI,5,0.5739141628057651,167,L05
IDN,ONI,6,0.5586266457007076,166,L06
IDN,ONI,7,0.5149849320169545,165,L07
IDN,ONI,8,0.4479073140268187,164,L08
THA,Temperature,0,0.2781423786203215,156,L00
THA,Temperature,1,0.3107937128478731,155,L01
THA,Temperature,2,0.3754844057949909,154,L02
THA,Temperature,3,0.4417560691184304,153,L03
THA,Temperature,4,0.423726958015047,152,L04
THA,Temperature,5,0.3420752318591739,151,L05
THA,Temperature,6,0.2535976462380895,150,L06
THA,Temperature,7,0.1376628123563609,149,L07
THA,Temperature,8,0.0531222643844072,148,L08
THA,Rainfall,0,-0.1580584755867787,156,L00
THA,Rainfall,1,-0.1148881977532991,155,L01
THA,Rainfall,2,-0.0928031725493674,154,L02
THA,Rainfall,3,-0.172291641361974,153,L03
THA,Rainfall,4,-0.1873240806069999,152,L04
THA,Rainfall,5,-0.1818936930934807,151,L05
THA,Rainfall,6,-0.1694892479408127,150,L06
THA,Rainfall,7,-0.1063050021294534,149,L07
THA,Rainfall,8,-0.04770727704678,148,L08
THA,ONI,0,0.4996131927109468,156,L00
THA,ONI,1,0.4954414943832902,155,L01
THA,ONI,2,0.4821818560289358,154,L02
THA,ONI,3,0.4651146964240426,153,L03
THA,ONI,4,0.4495147137269828,152,L04
THA,ONI,5,0.4308798245095985,151,L05
THA,ONI,6,0.4104337100821454,150,L06
THA,ONI,7,0.3845378417524834,149,L07
THA,ONI,8,0.349400556834002,148,L08
