provinsi,tahun,kasus,penduduk,n_bulan,insidens_per_100rb,rumah_terendam,kejadian_bencana,terendam_per_100rb,kejadian_per_100rb
ACEH,2018,1533.0,5243400.0,12,29.2,26019,218,496.2,4.16
ACEH,2019,2386.0,5316300.0,12,44.9,5290,180,99.5,3.39
ACEH,2020,857.0,5388100.0,11,15.9,45881,364,851.5,6.76
BALI,2018,904.0,4309200.0,12,21.0,458,141,10.6,3.27
BALI,2019,4979.0,4362000.0,12,114.1,9,55,0.2,1.26
BALI,2020,11825.0,4414400.0,11,267.9,17,93,0.4,2.11
BANGKA BELITUNG,2018,760.0,1432100.0,12,53.1,1889,117,131.9,8.17
BANGKA BELITUNG,2019,1012.0,1451100.0,12,69.7,527,22,36.3,1.52
BANGKA BELITUNG,2020,1097.0,1469800.0,11,74.6,39,26,2.7,1.77
BANTEN,2018,1023.0,12530800.0,12,8.2,4022,66,32.1,0.53
BANTEN,2019,2915.0,12714300.0,12,22.9,2825,64,22.2,0.5
BANTEN,2020,2864.0,12895300.0,11,22.2,23115,96,179.3,0.74
BENGKULU,2018,1419.0,1948600.0,12,72.8,1253,11,64.3,0.56
BENGKULU,2019,1479.0,1971800.0,12,75.0,7456,25,378.1,1.27
BENGKULU,2020,1223.0,1994300.0,11,61.3,2811,37,141.0,1.86
DAERAH ISTIMEWA YOGYAKARTA,2018,547.0,3818300.0,12,14.3,121,122,3.2,3.2
DAERAH ISTIMEWA YOGYAKARTA,2019,3301.0,3868600.0,12,85.3,49,28,1.3,0.72
DAERAH ISTIMEWA YOGYAKARTA,2020,3550.0,3919200.0,11,90.6,63,37,1.6,0.94
DKI JAKARTA,2018,2965.0,10428000.0,12,28.4,1230,33,11.8,0.32
DKI JAKARTA,2019,8705.0,10504100.0,12,82.9,0,7,0.0,0.07
DKI JAKARTA,2020,4695.0,10576400.0,11,44.4,3967,23,37.5,0.22
GORONTALO,2018,813.0,1166100.0,12,69.7,3241,17,277.9,1.46
GORONTALO,2019,1221.0,1176400.0,12,103.8,717,6,60.9,0.51
GORONTALO,2020,930.0,1186300.0,11,78.4,18321,25,1544.4,2.11
JAMBI,2018,720.0,3527100.0,12,20.4,1594,28,45.2,0.79
JAMBI,2019,2158.0,3566200.0,12,60.5,4038,28,113.2,0.79
JAMBI,2020,2018.0,3604200.0,11,56.0,19454,104,539.8,2.89
JAWA BARAT,2018,8732.0,48475500.0,12,18.0,60304,355,124.4,0.73
JAWA BARAT,2019,23483.0,49023200.0,12,47.9,36588,692,74.6,1.41
JAWA BARAT,2020,21863.0,49565200.0,11,44.1,368713,942,743.9,1.9
JAWA TENGAH,2018,3133.0,34358500.0,12,9.1,33717,584,98.1,1.7
JAWA TENGAH,2019,9124.0,34552500.0,12,26.4,14856,924,43.0,2.67
JAWA TENGAH,2020,5535.0,34738200.0,11,15.9,79259,1020,228.2,2.94
JAWA TIMUR,2018,8449.0,39521900.0,12,21.4,26607,456,67.3,1.15
JAWA TIMUR,2019,18397.0,39744800.0,12,46.3,33738,623,84.9,1.57
JAWA TIMUR,2020,8338.0,39955900.0,11,20.9,96264,251,240.9,0.63
KALIMANTAN BARAT,2018,3097.0,4985100.0,12,62.1,11332,132,227.3,2.65
KALIMANTAN BARAT,2019,2798.0,5045700.0,12,55.5,6915,43,137.0,0.85
KALIMANTAN BARAT,2020,768.0,5104900.0,11,15.0,84221,82,1649.8,1.61
KALIMANTAN SELATAN,2018,2001.0,4162400.0,12,48.1,1149,96,27.6,2.31
KALIMANTAN SELATAN,2019,2381.0,4216300.0,12,56.5,1476,155,35.0,3.68
KALIMANTAN SELATAN,2020,1757.0,4268600.0,11,41.2,37021,193,867.3,4.52
KALIMANTAN TENGAH,2018,2245.0,2612600.0,12,85.9,6291,59,240.8,2.26
KALIMANTAN TENGAH,2019,1616.0,2649800.0,12,61.0,9344,76,352.6,2.87
KALIMANTAN TENGAH,2020,661.0,2686300.0,11,24.6,64690,89,2408.1,3.31
KALIMANTAN TIMUR,2018,3204.0,3573800.0,12,89.7,14665,32,410.3,0.9
KALIMANTAN TIMUR,2019,6723.0,3619700.0,12,185.7,976,54,27.0,1.49
KALIMANTAN TIMUR,2020,2205.0,3664700.0,11,60.2,10081,116,275.1,3.17
KALIMANTAN UTARA,2018,172.0,682800.0,12,25.2,0,1,0.0,0.15
KALIMANTAN UTARA,2019,1774.0,695600.0,12,255.0,772,21,111.0,3.02
KALIMANTAN UTARA,2020,455.0,708400.0,11,64.2,178,76,25.1,10.73
KEPULAUAN RIAU,2018,1204.0,2174800.0,12,55.4,50,9,2.3,0.41
KEPULAUAN RIAU,2019,1865.0,2241600.0,12,83.2,130,21,5.8,0.94
KEPULAUAN RIAU,2020,1594.0,2309500.0,11,69.0,426,64,18.4,2.77
LAMPUNG,2018,2872.0,8377700.0,12,34.3,6038,32,72.1,0.38
LAMPUNG,2019,5611.0,8457600.0,12,66.3,5566,50,65.8,0.59
LAMPUNG,2020,6227.0,8534800.0,11,73.0,4444,43,52.1,0.5
MALUKU,2018,317.0,1749500.0,12,18.1,393,9,22.5,0.51
MALUKU,2019,236.0,1768500.0,12,13.3,530,37,30.0,2.09
MALUKU,2020,75.0,1787100.0,11,4.2,809,27,45.3,1.51
MALUKU UTARA,2018,110.0,1218800.0,12,9.0,3481,20,285.6,1.64
MALUKU UTARA,2019,1195.0,1235700.0,12,96.7,1295,19,104.8,1.54
MALUKU UTARA,2020,411.0,1252300.0,11,32.8,6912,18,551.9,1.44
NUSA TENGGARA BARAT,2018,535.0,5077700.0,12,10.5,4544,73,89.5,1.44
NUSA TENGGARA BARAT,2019,2971.0,5152400.0,12,57.7,3829,57,74.3,1.11
NUSA TENGGARA BARAT,2020,4653.0,5225900.0,11,89.0,5360,90,102.6,1.72
NUSA TENGGARA TIMUR,2018,1333.0,5360300.0,12,24.9,2807,185,52.4,3.45
NUSA TENGGARA TIMUR,2019,4059.0,5437200.0,12,74.7,0,38,0.0,0.7
NUSA TENGGARA TIMUR,2020,5907.0,5513400.0,11,107.1,526,17,9.5,0.31
PAPUA,2018,182.0,3300200.0,12,5.5,2122,19,64.3,0.58
PAPUA,2019,582.0,3347100.0,12,17.4,4750,26,141.9,0.78
PAPUA,2020,172.0,3393100.0,11,5.1,2896,18,85.3,0.53
RIAU,2018,918.0,6717600.0,12,13.7,12110,54,180.3,0.8
RIAU,2019,4126.0,6835100.0,12,60.4,11269,58,164.9,0.85
RIAU,2020,2902.0,6951200.0,11,41.7,4564,55,65.7,0.79
SULAWESI BARAT,2018,532.0,1340100.0,12,39.7,1509,12,112.6,0.9
SULAWESI BARAT,2019,796.0,1359200.0,12,58.6,75,11,5.5,0.81
SULAWESI BARAT,2020,626.0,1378100.0,11,45.4,1310,11,95.1,0.8
SULAWESI SELATAN,2018,2114.0,8748100.0,12,24.2,22955,187,262.4,2.14
SULAWESI SELATAN,2019,3265.0,8819500.0,12,37.0,45612,164,517.2,1.86
SULAWESI SELATAN,2020,2667.0,8888800.0,11,30.0,49320,163,554.9,1.83
SULAWESI TENGAH,2018,1067.0,3001900.0,12,35.5,1535,9,51.1,0.3
SULAWESI TENGAH,2019,1947.0,3042100.0,12,64.0,3404,23,111.9,0.76
SULAWESI TENGAH,2020,1119.0,3081700.0,11,36.3,5727,54,185.8,1.75
SULAWESI TENGGARA,2018,624.0,2623600.0,12,23.8,4951,25,188.7,0.95
SULAWESI TENGGARA,2019,1479.0,2663700.0,12,55.5,1840,20,69.1,0.75
SULAWESI TENGGARA,2020,892.0,2703500.0,11,33.0,3464,16,128.1,0.59
SULAWESI UTARA,2018,1608.0,2474400.0,12,65.0,3987,24,161.1,0.97
SULAWESI UTARA,2019,2381.0,2494100.0,12,95.5,682,19,27.3,0.76
SULAWESI UTARA,2020,1171.0,2512900.0,11,46.6,17178,20,683.6,0.8
SUMATERA BARAT,2018,2203.0,5411800.0,12,40.7,5385,96,99.5,1.77
SUMATERA BARAT,2019,2263.0,5479500.0,12,41.3,6062,103,110.6,1.88
SUMATERA BARAT,2020,1084.0,5545700.0,11,19.5,6956,241,125.4,4.35
SUMATERA SELATAN,2018,2404.0,8391500.0,12,28.6,6000,77,71.5,0.92
SUMATERA SELATAN,2019,2799.0,8497200.0,12,32.9,4753,95,55.9,1.12
SUMATERA SELATAN,2020,2307.0,8600800.0,11,26.8,10800,90,125.6,1.05
SUMATERA UTARA,2018,5623.0,14476000.0,12,38.8,41888,94,289.4,0.65
SUMATERA UTARA,2019,7745.0,14639400.0,12,52.9,6762,71,46.2,0.48
SUMATERA UTARA,2020,2953.0,14798400.0,11,20.0,81021,150,547.5,1.01
