iso3,prediktor,jeda,r,n_bulan
IDN,Suhu,0,0.48391165474836406,172
IDN,Suhu,1,0.5332518109166093,171
IDN,Suhu,2,0.557324771838981,170
IDN,Suhu,3,0.571172402186477,169
IDN,Suhu,4,0.5483151886299404,168
IDN,Suhu,5,0.47308855782780557,167
IDN,Suhu,6,0.4269115567835065,166
IDN,Suhu,7,0.33617814866632284,165
IDN,Suhu,8,0.22409187133661942,164
IDN,Hujan,0,0.2545224559471317,172
IDN,Hujan,1,0.2449340768954035,171
IDN,Hujan,2,0.19172001668866834,170
IDN,Hujan,3,0.054919249989560215,169
IDN,Hujan,4,-0.06956208396696771,168
IDN,Hujan,5,-0.19118323137344453,167
IDN,Hujan,6,-0.3177026212140194,166
IDN,Hujan,7,-0.421659245075132,165
IDN,Hujan,8,-0.42430482867671143,164
IDN,ONI,0,0.2841271693616089,172
IDN,ONI,1,0.3688274758249497,171
IDN,ONI,2,0.447989894578724,170
IDN,ONI,3,0.5147194981694867,169
IDN,ONI,4,0.5588547649536676,168
IDN,ONI,5,0.5739141628057651,167
IDN,ONI,6,0.5586266457007076,166
IDN,ONI,7,0.5149849320169545,165
IDN,ONI,8,0.4479073140268187,164
THA,Suhu,0,0.2781423786203215,156
THA,Suhu,1,0.31079371284787316,155
THA,Suhu,2,0.3754844057949909,154
THA,Suhu,3,0.4417560691184304,153
THA,Suhu,4,0.423726958015047,152
THA,Suhu,5,0.34207523185917393,151
THA,Suhu,6,0.2535976462380895,150
THA,Suhu,7,0.13766281235636096,149
THA,Suhu,8,0.05312226438440728,148
THA,Hujan,0,-0.15805847558677874,156
THA,Hujan,1,-0.1148881977532991,155
THA,Hujan,2,-0.09280317254936747,154
THA,Hujan,3,-0.17229164136197403,153
THA,Hujan,4,-0.18732408060699995,152
THA,Hujan,5,-0.18189369309348075,151
THA,Hujan,6,-0.16948924794081277,150
THA,Hujan,7,-0.10630500212945343,149
THA,Hujan,8,-0.047707277046780024,148
THA,ONI,0,0.4996131927109468,156
THA,ONI,1,0.49544149438329027,155
THA,ONI,2,0.4821818560289358,154
THA,ONI,3,0.46511469642404263,153
THA,ONI,4,0.4495147137269828,152
THA,ONI,5,0.43087982450959855,151
THA,ONI,6,0.4104337100821454,150
THA,ONI,7,0.3845378417524834,149
THA,ONI,8,0.349400556834002,148
